RespondentId,opdata_CourseID,Q1MaincellgroupRow1,Q1MaincellgroupRow2,Q1MaincellgroupRow3,Q1MaincellgroupRow4,Q1MaincellgroupRow5,Q1MaincellgroupRow6,Q1MaincellgroupRow7,Q1MaincellgroupRow8,Q1MaincellgroupRow9,Q1MaincellgroupRow10
432759,OcnA-S116-02,5,4,3,1,5,4,2,5,4,5
433166,AnPhA-S116-01,4,4,4,1,4,5,1,5,5,4
494425,BioA-S216-01,4,4,3,2,4,4,2,4,4,4
519061,BioA-S216-01,NA,NA,NA,NA,NA,NA,NA,NA,NA,NA
432273,OcnA-S116-02,4,3,4,2,4,3,2,4,3,4
522806,BioA-S216-01,4,2,3,2,4,3,3,4,3,4
446155,PhysA-S116-01,4,5,5,1,4,4,2,5,3,4
433166,OcnA-S116-02,4,3,2,4,4,4,2,3,3,2
442479,FrScA-S116-01,NA,NA,NA,NA,NA,NA,NA,NA,NA,NA
517967,BioA-S216-01,4,4,3,1,4,4,NA,4,4,3
448179,AnPhA-S116-02,4,4,4,1,4,4,2,4,4,4
432404,PhysA-S116-01,NA,NA,NA,NA,NA,NA,NA,NA,NA,NA
434426,AnPhA-T116-01,5,5,5,1,5,5,1,5,5,5
442510,FrScA-S116-01,4,2,3,2,4,3,3,4,3,4
518043,BioA-S216-01,4,4,4,1,4,4,2,4,3,4
432991,@X@course.course_id@X@,4,4,3,1,4,4,1,5,4,4
512612,BioA-S216-01,5,4,3,2,4,4,3,4,4,4
437129,BioA-S116-01,4,3,4,2,4,3,2,4,3,4
439805,BioA-S116-01,NA,NA,NA,NA,NA,NA,NA,NA,NA,NA
436798,PhysA-S116-01,4,4,3,2,4,4,2,4,4,4
479979,AnPhA-S216-02,5,4,4,1,5,5,2,5,4,4
519349,FrScA-S216-02,4,3,4,2,5,3,3,5,4,4
437222,AnPhA-S116-02,5,5,5,1,5,5,1,5,5,5
484730,AnPhA-S216-01,5,5,3,1,5,5,2,4,5,5
520951,BioA-S216-01,3,1,1,4,2,1,3,1,2,1
483008,OcnA-S216-02,4,4,3,2,4,4,3,4,4,3
480124,OcnA-S216-01,NA,NA,NA,NA,NA,NA,NA,NA,NA,NA
483820,FrScA-S216-01,4,4,3,2,4,5,2,5,5,5
433222,FrScA-S116-01,5,2,3,2,4,2,2,4,2,4
435509,AnPhA-S116-02,4,5,3,1,4,4,2,4,5,4
445417,PhysA-S116-01,5,4,4,2,4,4,3,4,3,3
435084,FrScA-S116-03,5,4,4,1,4,4,3,5,4,5
432843,AnPhA-S116-01,4,4,3,2,4,4,3,4,5,4
436844,FrScA-S116-01,4,4,3,2,4,4,2,4,4,4
439203,AnPhA-T116-01,4,4,3,2,4,5,3,4,4,4
432192,FrScA-T116-01,NA,NA,NA,NA,NA,NA,NA,NA,NA,NA
480860,OcnA-S216-02,3,2,3,3,3,2,1,4,2,3
435465,AnPhA-S116-01,4,4,4,1,4,4,3,4,3,4
432736,AnPhA-S116-01,4,4,3,NA,5,5,1,4,4,4
482001,AnPhA-S216-01,5,5,4,1,5,5,2,3,3,5
479433,FrScA-S216-01,4,3,3,1,5,4,2,5,3,5
491516,AnPhA-S216-01,5,4,4,1,5,4,1,5,5,5
434330,FrScA-S116-01,NA,NA,NA,NA,NA,NA,NA,NA,NA,NA
432814,OcnA-T116-01,5,5,3,1,5,5,1,5,5,5
479376,AnPhA-S216-01,4,4,3,2,4,4,2,4,4,5
446363,PhysA-S116-01,NA,NA,NA,NA,NA,NA,NA,NA,NA,NA
521032,BioA-S216-01,4,3,3,2,3,3,1,3,3,3
432306,AnPhA-S116-02,5,4,5,1,5,5,1,5,5,3
480839,FrScA-S216-01,5,5,5,1,5,5,1,5,5,5
430200,PhysA-S116-01,NA,NA,NA,NA,NA,NA,NA,NA,NA,NA
433371,BioA-S116-01,5,5,5,1,4,4,5,5,5,5
485742,NA,5,5,5,1,5,5,1,5,5,5
485112,OcnA-S216-01,4,3,3,1,5,4,2,4,3,5
480124,FrScA-S216-01,5,4,3,1,4,5,1,5,5,5
482572,FrScA-S216-01,4,4,5,2,4,4,3,4,4,5
482667,AnPhA-S216-01,5,5,4,1,5,5,2,4,4,5
432936,FrScA-S116-01,3,2,3,3,3,3,2,4,3,3
432392,PhysA-S116-01,4,4,3,2,4,4,2,4,3,2
480389,BioA-S216-01,3,2,1,3,1,3,3,4,3,1
434374,BioA-S116-01,5,5,5,1,5,5,1,5,5,5
434251,FrScA-S116-01,4,4,3,2,4,3,3,4,4,5
483621,OcnA-S216-01,5,4,4,1,5,4,1,5,4,5
489119,OcnA-S216-01,3,3,4,3,4,3,3,3,3,3
440357,BioA-S116-01,5,5,5,1,5,5,2,5,5,5
484711,FrScA-S216-01,4,3,2,2,3,3,2,4,3,4
480839,OcnA-S216-01,NA,NA,NA,NA,NA,NA,NA,NA,NA,NA
430162,AnPhA-S116-02,NA,NA,NA,NA,NA,NA,NA,NA,NA,NA
439828,BioA-S116-01,4,4,3,2,4,4,3,4,3,3
484730,AnPhA-S216-01,NA,NA,NA,NA,NA,NA,NA,NA,NA,NA
439271,BioA-S116-01,5,5,3,1,5,5,3,5,5,5
486123,OcnA-S216-01,4,3,4,1,4,4,1,4,3,5
430170,FrScA-S116-01,NA,NA,NA,NA,NA,NA,NA,NA,NA,NA
432840,AnPhA-S116-01,NA,NA,NA,NA,NA,NA,NA,NA,NA,NA
437818,AnPhA-T116-01,4,3,3,2,4,4,3,4,3,4
483041,FrScA-S216-04,NA,NA,NA,NA,NA,NA,NA,NA,NA,NA
436802,AnPhA-S116-01,5,4,4,2,4,4,2,5,3,4
497114,BioA-S216-01,5,5,5,1,5,5,2,5,5,5
437884,BioA-S116-01,4,3,3,1,5,3,1,4,4,4
432791,AnPhA-S116-01,4,4,4,2,4,4,3,4,4,4
432705,FrScA-S116-03,5,4,3,1,5,4,2,5,4,5
484496,OcnA-S216-01,3,3,2,3,3,3,3,3,3,3
522895,BioA-S216-01,5,5,5,4,4,1,3,4,4,4
479355,FrScA-S216-01,NA,NA,NA,NA,NA,NA,NA,NA,NA,NA
439459,BioA-S116-01,4,4,3,2,4,5,3,4,4,4
513052,BioA-S216-01,5,5,4,1,5,5,1,5,5,5
436517,AnPhA-S116-02,4,5,4,1,4,5,1,4,4,4
432361,OcnA-S116-01,5,4,4,1,5,4,1,5,5,5
479560,FrScA-S216-01,5,4,3,2,5,5,3,5,2,5
482573,AnPhA-S216-01,4,5,3,2,NA,4,1,4,4,4
432932,FrScA-S116-01,NA,NA,NA,NA,NA,NA,NA,NA,NA,NA
433371,BioA-S116-01,NA,NA,NA,NA,NA,NA,NA,NA,NA,NA
482203,FrScA-S216-01,4,3,2,2,4,4,2,4,3,3
434071,FrScA-S116-01,5,4,4,1,5,5,1,5,3,4
434632,BioA-S116-01,4,4,4,1,4,4,2,4,4,4
432829,OcnA-T116-01,4,3,2,3,4,4,2,4,2,2
491542,AnPhA-S216-01,4,4,3,2,5,5,2,4,4,4
480081,FrScA-S216-01,NA,NA,NA,NA,NA,NA,NA,NA,NA,NA
483047,OcnA-S216-02,4,3,3,2,4,3,3,4,3,2
509933,BioA-S216-01,4,4,3,4,4,4,2,4,4,4
479386,AnPhA-S216-01,4,4,3,2,4,4,2,4,4,5
479560,FrScA-S216-01,NA,NA,NA,NA,NA,NA,NA,NA,NA,NA
440492,AnPhA-S116-02,3,2,2,3,3,3,3,NA,3,3
480543,OcnA-S216-01,4,2,3,3,3,3,2,3,4,4
482642,OcnA-S216-02,4,3,3,2,4,4,3,4,4,4
432309,OcnA-T116-01,5,4,3,5,3,4,4,4,3,2
479923,AnPhA-S216-01,3,3,3,3,4,5,1,4,3,4
503709,BioA-S216-01,3,2,2,3,3,2,2,4,4,4
439805,AnPhA-S116-02,4,5,4,1,4,5,2,4,4,5
433118,AnPhA-S116-01,4,4,3,2,4,4,2,4,NA,3
523620,BioA-S216-01,4,3,3,2,3,3,4,4,2,4
486070,OcnA-S216-01,3,4,3,2,3,4,2,3,3,4
426746,BioA-S116-01,NA,NA,NA,NA,NA,NA,NA,NA,NA,NA
479946,AnPhA-S216-01,4,5,2,2,4,5,2,5,3,4
483041,OcnA-S216-02,3,2,4,3,3,2,2,3,2,2
520452,BioA-S216-01,4,4,3,2,4,3,2,4,4,4
479977,FrScA-S216-01,5,3,3,1,5,3,2,5,4,5
480166,AnPhA-S216-02,5,5,5,1,5,5,1,5,5,5
513391,BioA-S216-01,5,4,3,3,3,3,2,5,4,5
487273,AnPhA-S216-01,5,5,4,1,5,5,1,5,5,5
482704,PhysA-S216-01,4,4,4,2,4,4,3,4,4,4
436646,FrScA-S116-01,4,2,3,1,5,4,2,4,3,5
517370,BioA-S216-01,4,3,2,4,3,3,3,3,1,2
484711,FrScA-S216-01,5,3,5,1,5,5,2,5,4,5
437333,AnPhA-S116-02,4,4,3,2,4,4,2,4,4,4
513066,BioA-S216-01,5,5,3,2,4,5,1,4,4,4
479478,AnPhA-S216-01,4,4,3,2,3,4,3,4,4,5
480374,BioA-S216-01,3,2,2,3,3,3,3,4,3,3
445417,PhysA-S116-01,4,4,4,2,4,4,2,4,4,4
498571,BioA-S216-01,NA,NA,NA,NA,NA,NA,NA,NA,NA,NA
431821,BioA-S116-01,NA,NA,NA,NA,NA,NA,NA,NA,NA,NA
435497,BioA-S116-01,NA,NA,NA,NA,NA,NA,NA,NA,NA,NA
432719,PhysA-S116-01,5,4,5,1,5,4,1,5,4,5
434293,FrScA-S116-03,5,5,4,1,4,4,1,5,4,4
435844,OcnA-S116-01,4,4,3,2,4,4,3,4,3,4
452990,AnPhA-S116-02,3,3,2,3,3,3,3,3,2,3
520678,NA,4,4,3,2,4,4,2,5,4,4
480013,AnPhA-S216-02,5,5,4,1,5,5,2,5,5,5
436764,BioA-S116-01,5,4,4,2,4,4,2,4,3,4
480543,FrScA-S216-01,4,2,2,2,4,4,2,4,2,4
459886,BioA-S116-01,4,3,2,2,4,5,2,4,4,3
484883,AnPhA-S216-02,5,5,4,1,5,5,1,5,5,5
432256,OcnA-S116-01,4,3,4,1,5,4,2,5,3,4
433162,@X@course.course_id@X@,4,3,3,1,4,4,1,5,3,4
433234,OcnA-S116-01,5,4,3,1,4,4,1,4,3,5
435161,BioA-S116-01,4,4,3,2,4,4,2,4,3,4
479946,AnPhA-S216-02,5,5,5,1,5,5,1,5,5,5
437495,PhysA-S116-01,4,3,2,3,3,4,4,4,2,3
499011,BioA-S216-01,4,4,3,3,4,3,2,4,2,3
479481,PhysA-S216-01,4,4,4,2,4,4,4,4,4,4
434366,BioA-S116-01,4,4,5,2,4,4,2,4,4,4
484853,AnPhA-S216-01,NA,NA,NA,NA,NA,NA,NA,NA,NA,NA
519753,BioA-S216-01,5,4,4,1,5,5,2,5,5,5
480509,FrScA-S216-01,4,4,3,2,4,4,2,4,4,4
479527,FrScA-S216-01,4,3,2,2,4,4,3,4,3,3
436848,FrScA-S116-01,4,3,3,1,5,5,3,4,3,5
517583,BioA-S216-01,4,4,4,2,4,3,2,4,4,2
458581,FrScA-S116-03,4,3,2,2,3,3,1,4,3,2
432366,OcnA-S116-03,3,2,3,4,2,3,4,2,3,3
485065,FrScA-S216-02,4,3,3,2,4,4,3,3,3,4
519342,BioA-S216-01,4,4,2,3,4,4,2,4,4,4
495924,BioA-S216-01,4,4,2,2,4,4,3,4,4,4
448098,PhysA-S116-01,4,4,2,3,4,4,4,4,4,4
437581,AnPhA-S116-02,4,4,3,2,4,4,2,4,4,4
435065,BioA-S116-01,5,3,3,2,5,4,2,5,3,5
480452,FrScA-S216-01,4,4,3,2,4,4,3,5,4,5
440931,AnPhA-S116-02,5,4,4,1,5,4,1,5,5,5
519805,BioA-S216-01,4,3,3,2,4,4,2,4,3,4
480435,PhysA-S216-01,4,5,4,1,4,5,1,4,2,4
435036,BioA-S116-01,4,2,3,2,4,4,3,4,3,3
480437,FrScA-S216-01,4,3,3,2,4,4,3,4,3,3
485443,OcnA-S216-01,4,2,3,2,4,2,3,4,2,3
482145,OcnA-S216-01,NA,NA,NA,NA,NA,NA,NA,NA,NA,NA
429883,FrScA-S116-01,NA,NA,NA,NA,NA,NA,NA,NA,NA,NA
482001,OcnA-S216-01,4,3,2,2,4,4,1,4,4,4
479413,FrScA-S216-01,NA,NA,NA,NA,NA,NA,NA,NA,NA,NA
480806,FrScA-S216-01,4,4,3,1,5,4,2,5,4,5
520362,BioA-S216-01,5,4,3,1,5,5,1,5,5,5
433302,BioA-S116-01,5,4,3,1,5,5,4,5,4,4
509933,BioA-S216-01,4,4,2,3,2,4,1,3,3,4
485032,AnPhA-S216-01,4,4,3,2,4,4,2,4,4,4
512284,BioA-S216-01,4,4,4,2,4,5,2,4,3,4
432531,OcnA-S116-02,NA,NA,NA,NA,NA,NA,NA,NA,NA,NA
439163,BioA-S116-01,5,5,4,NA,4,4,2,5,4,5
453676,PhysA-S116-01,NA,NA,NA,NA,NA,NA,NA,NA,NA,NA
479375,FrScA-S216-01,5,4,3,1,5,2,2,5,3,5
481170,FrScA-S216-01,5,5,5,1,5,5,1,5,5,5
444752,FrScA-S116-03,NA,NA,NA,NA,NA,NA,NA,NA,NA,NA
483752,OcnA-S216-01,5,3,2,1,5,3,1,5,4,5
483940,OcnA-S216-01,5,4,3,1,4,4,1,5,3,3
479631,OcnA-S216-01,5,4,3,1,5,5,1,5,4,5
480861,PhysA-S216-01,4,4,3,3,4,4,3,4,3,3
522636,FrScA-S216-02,4,3,3,2,5,4,1,5,3,5
432431,FrScA-S116-01,4,3,3,3,4,3,4,4,3,3
494423,OcnA-S216-01,4,2,2,1,5,3,2,4,3,3
479602,FrScA-S216-01,5,3,3,2,4,3,3,3,3,3
520401,BioA-S216-01,5,4,4,1,4,3,1,5,4,5
524090,BioA-S216-01,5,4,3,3,NA,3,3,5,4,5
479355,AnPhA-S216-01,5,5,4,1,5,5,1,5,5,5
496732,BioA-S216-01,4,4,3,4,3,3,1,2,3,3
480374,FrScA-S216-01,5,5,5,1,5,5,1,5,5,5
485032,FrScA-S216-02,4,3,3,2,4,3,1,4,3,4
436618,BioA-S116-01,5,5,5,1,5,5,1,5,5,5
517967,FrScA-S216-02,4,4,4,1,4,4,2,4,4,4
435835,FrScA-S116-04,NA,NA,NA,NA,NA,NA,NA,NA,NA,NA
432389,AnPhA-T116-01,5,5,5,1,5,5,3,5,5,5
480166,FrScA-S216-02,4,4,4,2,5,4,2,5,4,5
432982,FrScA-S116-01,5,3,4,1,5,4,3,4,3,5
516798,BioA-S216-01,4,4,4,2,4,4,2,4,4,4
433234,OcnA-T116-01,5,4,4,1,5,5,1,5,2,5
437129,BioA-S116-01,4,3,3,2,4,3,2,4,2,4
435501,BioA-S116-01,4,3,3,2,4,4,3,4,4,4
432775,AnPhA-S116-01,NA,NA,NA,NA,NA,NA,NA,NA,NA,NA
432753,BioA-S116-01,4,4,3,2,4,4,2,4,3,3
434707,FrScA-S116-03,NA,NA,NA,NA,NA,NA,NA,NA,NA,NA
491817,FrScA-S216-01,NA,NA,NA,NA,NA,NA,NA,NA,NA,NA
435170,FrScA-S116-01,4,3,3,2,4,3,3,4,3,4
435139,FrScA-S116-03,5,4,3,1,5,4,1,5,3,5
435213,BioA-S116-01,4,1,3,2,4,3,2,4,2,3
436497,PhysA-S116-01,4,4,4,1,4,5,1,4,3,4
434290,PhysA-S116-01,5,5,5,1,4,4,2,4,4,4
440890,BioA-S116-01,5,4,3,2,5,5,1,4,4,4
522747,BioA-S216-01,3,2,2,4,3,2,3,3,2,3
439102,BioA-S116-01,4,5,3,2,4,4,2,4,2,4
434249,FrScA-S116-01,3,2,3,2,3,3,3,3,2,3
439115,FrScA-S116-01,5,5,3,2,4,4,2,5,3,5
437814,OcnA-S116-02,4,4,3,1,4,4,2,4,3,4
480490,FrScA-S216-01,4,3,2,2,4,4,3,5,3,5
498422,BioA-S216-01,4,3,2,4,4,3,1,4,3,4
438884,OcnA-S116-02,3,2,2,2,4,3,2,4,2,3
437129,BioA-S116-01,4,3,3,2,4,3,2,4,2,2
434162,AnPhA-S116-01,5,5,5,1,5,5,1,5,4,4
434316,PhysA-S116-01,5,5,5,2,4,4,2,NA,3,3
432309,FrScA-S116-01,5,4,3,1,4,4,2,4,4,4
489987,AnPhA-S216-01,4,3,2,2,3,4,2,4,4,4
520607,BioA-S216-01,4,2,2,1,3,3,5,4,1,2
437813,BioA-S116-01,5,5,3,2,4,5,2,5,4,5
438158,BioA-S116-01,5,4,4,2,4,4,2,4,3,4
436497,PhysA-S116-01,4,5,3,2,5,5,2,4,3,4
523620,BioA-S216-01,4,2,3,2,4,4,1,3,4,4
485451,OcnA-S216-01,4,3,2,2,4,4,3,4,3,4
437823,FrScA-S116-01,5,4,4,1,5,5,3,5,3,5
488982,FrScA-S216-01,4,4,3,1,4,4,2,4,3,2
436764,PhysA-S116-01,5,4,5,1,5,4,2,5,3,3
485443,OcnA-S216-01,5,4,4,1,5,5,1,5,5,5
492536,FrScA-S216-01,5,5,5,1,5,5,1,5,5,5
520681,BioA-S216-01,4,4,3,1,4,4,1,5,4,5
482556,FrScA-S216-01,4,4,3,1,4,5,1,5,3,5
432774,PhysA-S116-01,4,4,3,2,4,5,2,4,2,3
446182,PhysA-S116-01,4,5,2,2,4,4,3,4,4,3
432414,PhysA-S116-01,3,4,3,3,4,5,2,3,3,3
434249,FrScA-S116-01,4,4,3,1,4,4,2,4,3,4
432192,FrScA-S116-01,5,5,3,1,5,5,2,5,4,5
483772,OcnA-S216-01,5,4,4,1,4,4,1,5,2,5
446320,AnPhA-S116-02,2,2,2,4,3,3,4,2,3,3
437320,BioA-S116-01,5,5,5,1,5,5,1,5,4,5
471875,BioA-S116-01,3,3,2,2,3,3,2,4,3,3
434776,BioA-S116-01,5,3,1,1,4,4,2,5,3,4
433133,FrScA-S116-03,4,2,3,2,4,3,3,4,2,3
432740,PhysA-S116-01,4,5,4,1,4,5,2,5,4,4
434327,FrScA-S116-01,NA,NA,NA,NA,NA,NA,NA,NA,NA,NA
435787,AnPhA-S116-02,5,3,3,1,4,4,2,5,4,4
480857,OcnA-S216-02,4,3,3,2,3,3,3,4,3,3
430158,AnPhA-T116-01,NA,NA,NA,NA,NA,NA,NA,NA,NA,NA
437574,BioA-S116-01,NA,NA,NA,NA,NA,NA,NA,NA,NA,NA
435259,BioA-S116-01,4,3,3,2,4,4,3,4,3,4
480536,FrScA-S216-01,4,4,3,2,4,5,3,4,4,4
480438,FrScA-S216-02,4,4,3,1,4,4,3,4,3,4
440846,FrScA-S116-01,NA,NA,NA,NA,NA,NA,NA,NA,NA,NA
434666,BioA-S116-01,5,5,5,2,5,5,2,5,5,5
482639,AnPhA-S216-02,5,5,4,1,4,4,1,4,5,4
446538,PhysA-S116-01,3,3,3,3,3,5,4,3,2,3
495924,BioA-S216-01,4,4,2,2,4,4,2,4,4,4
439409,AnPhA-S116-02,NA,NA,NA,NA,NA,NA,NA,NA,NA,NA
430190,OcnA-S116-02,4,3,4,3,4,4,2,4,3,2
506144,BioA-S216-01,3,3,2,3,3,3,2,3,3,4
434330,FrScA-S116-01,4,4,4,1,4,3,3,4,4,5
433199,FrScA-S116-01,NA,NA,NA,NA,NA,NA,NA,NA,NA,NA
437315,BioA-S116-01,5,5,5,1,5,5,2,5,5,5
434289,BioA-S116-01,4,4,4,2,4,4,2,4,4,4
437546,BioA-S116-01,3,3,3,2,3,3,2,3,3,2
489010,PhysA-S216-01,NA,NA,NA,NA,NA,NA,NA,NA,NA,NA
479539,AnPhA-S216-02,5,3,3,1,4,5,2,5,3,5
426746,OcnA-S116-03,NA,NA,NA,NA,NA,NA,NA,NA,NA,NA
479739,AnPhA-S216-01,5,5,5,1,5,5,1,5,5,5
434179,FrScA-S116-01,5,4,3,1,4,4,2,4,3,5
433252,AnPhA-S116-01,4,4,3,NA,1,5,1,4,4,4
434603,AnPhA-S116-01,4,4,3,2,5,5,2,5,4,5
432350,OcnA-S116-01,4,2,2,2,5,4,1,5,3,4
482642,FrScA-S216-01,4,4,3,1,4,4,1,4,4,4
432372,OcnA-T116-01,4,4,4,2,4,4,2,5,4,4
489119,AnPhA-S216-01,4,5,3,2,4,4,1,4,5,4
434342,FrScA-S116-03,NA,NA,NA,NA,NA,NA,NA,NA,NA,NA
438011,AnPhA-T116-01,5,4,3,1,5,5,1,5,5,5
485700,NA,5,5,5,1,5,5,1,5,5,5
483008,OcnA-S216-01,2,1,1,4,2,1,1,1,1,3
440144,FrScA-S116-01,NA,NA,NA,NA,NA,NA,NA,NA,NA,NA
480779,AnPhA-S216-01,4,3,3,4,4,5,1,4,3,3
499070,BioA-S216-01,5,5,4,1,5,5,1,5,3,5
432282,FrScA-S116-02,5,5,5,1,5,5,1,5,4,5
432791,PhysA-S116-01,NA,NA,NA,NA,NA,NA,NA,NA,NA,NA
521032,AnPhA-S216-01,5,4,4,2,4,4,1,5,5,5
482208,FrScA-S216-01,4,4,3,1,4,4,2,5,NA,4
443997,@X@course.course_id@X@,4,5,3,1,4,5,1,5,5,4
432353,OcnA-S116-03,3,2,3,3,4,3,3,3,3,4
480378,OcnA-S216-01,5,5,5,2,5,5,3,5,5,5
434342,PhysA-S116-01,NA,NA,NA,NA,NA,NA,2,NA,NA,NA
438884,BioA-S116-01,5,5,4,2,5,5,1,5,4,5
432173,FrScA-T116-01,NA,NA,NA,NA,NA,NA,NA,NA,NA,NA
432472,FrScA-S116-01,5,4,4,1,5,4,2,5,4,4
434181,FrScA-S116-01,5,2,3,1,4,3,2,4,2,4
432444,FrScA-S116-01,5,4,4,2,5,5,1,5,4,5
434327,FrScA-S116-01,NA,NA,NA,NA,NA,NA,NA,NA,NA,NA
484749,AnPhA-S216-01,4,4,4,2,5,5,1,5,5,4
432701,FrScA-S116-03,5,4,3,1,5,4,2,5,4,4
435230,BioA-S116-01,4,5,2,2,4,4,3,4,4,3
442797,BioA-S116-01,4,3,2,2,2,3,1,4,3,4
434251,FrScA-S116-01,4,3,2,3,4,3,1,3,3,3
479308,FrScA-S216-01,NA,NA,NA,NA,NA,NA,NA,NA,NA,NA
432774,AnPhA-S116-01,NA,NA,NA,NA,NA,NA,NA,NA,NA,NA
435419,OcnA-S116-01,NA,NA,NA,NA,NA,NA,NA,NA,1,NA
442407,FrScA-S116-03,5,5,5,1,5,5,1,5,5,5
522014,BioA-S216-01,NA,NA,NA,NA,NA,NA,NA,NA,NA,NA
434316,FrScA-S116-03,NA,NA,NA,NA,NA,NA,NA,NA,NA,NA
433325,BioA-S116-01,NA,NA,NA,NA,NA,NA,NA,NA,NA,NA
433936,BioA-S116-01,5,5,5,1,4,4,3,5,5,5
434774,BioA-S116-01,5,3,3,1,4,4,2,5,3,4
482946,FrScA-S216-01,3,4,4,2,3,4,3,4,4,3
435631,BioA-S116-01,4,4,3,2,3,4,2,4,3,3
431999,OcnA-S116-02,4,4,4,2,5,4,2,5,4,4
439801,FrScA-S116-01,NA,NA,NA,NA,NA,NA,NA,NA,NA,NA
479358,FrScA-S216-01,NA,NA,NA,NA,NA,NA,NA,NA,NA,NA
433974,OcnA-S116-01,4,4,3,2,NA,4,2,4,3,4
480382,@X@course.course_id@X@,4,3,2,4,4,4,4,4,3,3
479604,OcnA-S216-02,4,4,3,2,4,4,2,4,3,3
432379,OcnA-S116-01,5,4,2,1,5,4,1,5,4,5
437818,BioA-S116-01,5,4,5,1,5,5,1,5,5,5
524658,BioA-S216-01,4,2,3,1,4,3,2,4,3,3
438185,AnPhA-S116-02,5,5,4,1,5,5,1,5,3,5
432406,BioA-S116-01,NA,NA,NA,NA,NA,NA,NA,NA,NA,NA
437818,BioA-S116-01,5,5,3,1,5,5,1,5,5,5
485396,FrScA-S216-01,5,3,3,1,4,3,2,4,2,4
524944,BioA-S216-01,3,3,4,4,3,3,3,4,3,3
437466,BioA-S116-01,4,3,4,2,4,4,2,4,4,4
430192,PhysA-S116-01,NA,NA,NA,NA,NA,NA,NA,NA,NA,NA
445924,PhysA-S116-01,4,5,4,1,NA,4,2,4,3,5
483471,AnPhA-S216-01,5,5,4,1,4,5,1,5,5,5
435806,OcnA-S116-01,4,4,3,2,4,4,2,4,3,4
432825,OcnA-T116-01,4,3,2,2,3,3,3,4,3,3
483817,FrScA-S216-01,4,3,3,2,NA,3,2,5,3,4
432218,OcnA-S116-02,4,3,3,2,4,4,2,4,3,4
514708,BioA-S216-01,4,4,2,3,3,3,2,4,3,4
483008,OcnA-S216-02,4,3,3,2,4,4,1,4,5,3
434452,BioA-S116-01,3,4,4,2,4,4,2,4,2,2
432261,BioA-S116-01,5,5,4,5,4,5,5,5,4,5
517210,BioA-S216-01,5,2,3,5,4,2,4,5,2,5
481283,FrScA-S216-01,4,2,3,2,4,3,3,5,3,4
434289,AnPhA-S116-02,5,4,4,1,4,5,1,5,5,5
432802,AnPhA-S116-01,NA,NA,NA,NA,NA,NA,NA,NA,NA,NA
432274,FrScA-S116-02,4,2,3,1,5,4,NA,5,5,5
485700,FrScA-S216-01,4,2,2,2,4,4,2,4,3,4
434208,BioA-S116-01,5,5,5,1,5,5,1,5,5,5
480013,AnPhA-S216-02,5,5,4,1,5,5,2,5,5,5
433222,FrScA-S116-01,5,5,4,1,5,5,2,4,4,5
432324,FrScA-S116-01,NA,NA,NA,NA,NA,NA,NA,NA,NA,NA
444331,FrScA-S116-03,NA,NA,NA,NA,NA,NA,NA,NA,NA,NA
520740,BioA-S216-01,4,4,3,2,4,4,4,4,2,4
479643,FrScA-S216-01,5,3,3,1,5,4,1,5,3,5
508226,BioA-S216-01,4,4,2,4,2,3,2,2,3,3
432869,AnPhA-S116-01,5,4,3,1,4,5,1,5,3,5
436646,PhysA-S116-01,5,4,4,1,5,5,1,5,3,5
435848,OcnA-S116-01,3,4,4,2,3,5,3,2,4,3
480543,FrScA-S216-01,4,2,3,NA,3,1,2,5,1,4
434707,BioA-S116-01,NA,NA,NA,NA,NA,NA,NA,NA,NA,NA
483744,FrScA-S216-02,4,3,3,1,4,4,2,4,3,5
433166,FrScA-S116-01,4,4,3,2,4,4,3,4,2,3
434330,FrScA-S116-01,NA,NA,NA,NA,NA,NA,NA,NA,NA,NA
486761,AnPhA-S216-02,5,4,4,1,4,5,2,5,4,5
434615,AnPhA-S116-01,5,5,5,1,5,5,1,5,5,4
432816,FrScA-S116-03,NA,NA,NA,NA,NA,NA,NA,NA,NA,NA
517293,BioA-S216-01,4,4,4,3,4,5,1,4,4,4
479345,FrScA-S216-01,NA,NA,NA,NA,NA,NA,NA,NA,NA,NA
436848,FrScA-S116-01,NA,NA,NA,NA,NA,NA,NA,NA,NA,NA
480514,FrScA-S216-01,4,4,3,2,4,4,2,4,4,4
442510,FrScA-S116-01,4,2,3,2,4,3,1,4,4,4
437498,AnPhA-S116-02,3,3,3,3,3,3,3,3,3,3
434168,AnPhA-S116-01,5,5,5,1,4,4,5,5,3,2
482619,AnPhA-S216-01,5,5,5,2,5,5,1,5,5,5
437158,BioA-S116-01,5,4,5,1,5,5,2,5,3,5
479373,AnPhA-S216-01,5,5,NA,2,5,5,2,5,5,5
434199,BioA-S116-01,5,5,5,1,5,5,1,5,4,5
444675,FrScA-S116-03,NA,NA,NA,NA,NA,NA,NA,NA,NA,NA
482219,FrScA-S216-01,NA,NA,NA,NA,NA,NA,NA,NA,NA,NA
434774,FrScA-S116-02,NA,NA,NA,NA,NA,NA,NA,NA,NA,NA
432242,OcnA-S116-01,4,3,3,2,4,3,2,4,3,4
435442,AnPhA-S116-01,NA,NA,NA,NA,NA,NA,NA,NA,NA,NA
480374,OcnA-S216-01,5,5,5,NA,5,5,1,5,5,5
433125,FrScA-S116-01,3,2,3,2,3,3,3,4,3,3
479591,FrScA-S216-01,4,4,3,1,4,4,1,5,3,4
482203,FrScA-S216-02,5,4,3,1,5,4,1,5,4,5
435036,PhysA-S116-01,5,5,4,1,5,4,1,5,3,3
511691,AnPhA-S216-01,4,3,3,2,4,4,2,4,4,4
432733,AnPhA-S116-01,4,4,3,2,4,4,3,4,3,4
437315,BioA-S116-01,5,4,5,1,5,5,1,5,5,5
432786,AnPhA-S116-01,3,4,4,3,4,4,3,3,2,3
522747,BioA-S216-01,4,4,3,1,4,4,2,4,4,3
479546,AnPhA-S216-01,4,4,2,1,4,4,1,4,4,4
436798,BioA-S116-01,5,5,3,1,5,5,1,5,5,5
436594,FrScA-S116-01,5,4,3,1,4,4,2,4,4,4
435775,BioA-S116-01,5,4,4,2,4,4,3,5,4,5
432274,FrScA-S116-02,4,2,3,1,5,5,1,5,3,4
434305,BioA-S116-01,4,4,4,2,4,4,2,4,4,4
435109,FrScA-S116-03,5,4,3,1,5,4,1,5,3,5
503709,AnPhA-S216-01,4,4,3,2,4,4,2,4,4,4
468356,BioA-S216-01,4,4,2,3,3,4,2,3,2,2
484711,AnPhA-S216-01,5,5,4,1,5,5,1,5,5,5
518305,BioA-S216-01,5,4,3,1,5,5,1,5,5,5
519061,BioA-S216-01,NA,NA,NA,NA,NA,NA,NA,NA,NA,NA
480536,AnPhA-S216-01,4,3,3,2,5,5,1,5,4,5
433139,@X@course.course_id@X@,5,4,4,1,5,4,1,5,4,4
479643,OcnA-S216-01,4,3,4,1,5,3,4,4,3,5
434638,BioA-S116-01,3,2,3,2,3,3,2,3,2,2
434765,BioA-S116-01,5,3,1,1,5,5,1,5,2,5
480882,OcnA-S216-01,4,4,4,1,4,3,1,5,4,5
480498,FrScA-S216-01,5,4,4,1,4,4,2,5,3,5
433302,BioA-S116-01,NA,NA,NA,NA,NA,NA,NA,NA,NA,NA
439801,BioA-S116-01,3,4,3,3,3,4,3,3,3,3
434179,FrScA-S116-01,5,4,3,1,4,4,2,5,4,5
434248,FrScA-S116-01,4,4,3,2,4,4,2,4,3,4
479933,AnPhA-S216-02,NA,NA,NA,NA,NA,NA,NA,NA,NA,NA
432352,FrScA-S116-01,5,5,3,1,5,5,2,5,4,5
435420,BioA-S116-01,NA,NA,NA,NA,NA,NA,NA,NA,NA,NA
479603,OcnA-S216-02,4,2,3,2,4,4,2,4,5,3
434280,FrScA-S116-03,5,3,3,1,4,3,3,5,2,4
442407,FrScA-S116-01,5,2,4,5,3,3,1,3,3,4
480437,AnPhA-S216-01,5,5,5,1,5,5,1,5,5,5
480793,FrScA-S216-01,5,5,4,1,5,5,1,5,5,5
432772,OcnA-S116-02,4,NA,3,1,4,3,2,5,2,5
433936,BioA-S116-01,NA,NA,NA,NA,NA,NA,NA,NA,NA,NA
434340,FrScA-S116-01,5,5,4,1,5,5,2,5,5,5
442147,BioA-S116-01,4,2,3,3,4,4,3,4,2,4
434615,AnPhA-T116-01,5,5,5,1,5,5,4,5,5,5
442442,AnPhA-S116-02,5,5,4,1,5,5,2,5,5,5
479110,FrScA-S216-01,NA,NA,NA,NA,NA,NA,NA,NA,NA,NA
439203,AnPhA-S116-02,4,5,3,1,4,5,1,4,4,4
433148,AnPhA-S116-01,4,4,3,2,4,4,2,4,4,3
479382,OcnA-S216-01,5,4,4,1,5,5,1,5,5,5
489971,AnPhA-S216-01,5,5,5,1,5,5,1,5,5,5
434277,FrScA-S116-01,4,3,3,1,5,4,3,4,3,4
479448,FrScA-S216-01,5,4,3,2,5,4,2,5,4,4
488024,FrScA-S216-01,4,3,4,2,4,4,3,4,4,4
430158,BioA-S116-01,NA,NA,NA,NA,NA,NA,NA,NA,NA,NA
483041,FrScA-S216-01,4,4,3,2,4,4,2,4,4,4
480514,OcnA-S216-01,4,3,3,2,4,4,3,5,3,5
432991,AnPhA-T116-01,5,4,3,1,5,5,1,5,4,5
484867,FrScA-S216-02,5,4,3,5,4,4,4,4,3,3
434414,FrScA-S116-03,NA,NA,NA,NA,NA,NA,NA,NA,NA,NA
520607,BioA-S216-01,4,3,3,1,4,4,1,5,4,4
447741,PhysA-S116-01,3,4,3,3,4,4,3,3,2,4
436760,BioA-S116-01,5,4,5,1,5,5,1,5,5,5
433162,@X@course.course_id@X@,5,5,5,1,5,5,1,5,5,5
435036,FrScA-S116-03,5,4,4,1,4,4,2,5,3,4
432893,@X@course.course_id@X@,4,4,3,1,4,4,1,4,4,4
480812,FrScA-S216-01,5,5,5,1,5,5,1,5,5,5
433112,PhysA-S116-01,NA,NA,NA,NA,NA,NA,NA,NA,NA,NA
480514,FrScA-S216-01,5,4,4,1,4,5,1,5,5,5
432759,AnPhA-S116-02,4,4,3,2,4,5,1,4,4,4
443597,BioA-S116-01,4,3,2,2,4,4,3,4,3,4
432765,FrScA-S116-03,5,5,3,1,5,5,2,5,5,5
435109,FrScA-S116-03,5,3,3,1,5,5,1,5,3,5
432765,OcnA-S116-01,5,4,5,1,5,4,1,5,5,5
483733,FrScA-S216-02,5,3,3,1,5,3,2,5,3,5
434165,FrScA-S116-01,5,4,3,1,5,5,1,5,4,4
492536,FrScA-S216-01,5,5,5,1,5,5,1,5,5,5
481593,OcnA-S216-02,3,2,3,2,3,3,4,4,3,3
435420,AnPhA-T116-01,4,5,4,1,4,5,1,5,5,4
513052,FrScA-S216-02,4,3,2,4,3,4,2,3,3,3
437289,BioA-S116-01,NA,NA,NA,NA,NA,NA,NA,NA,NA,NA
435801,AnPhA-S116-02,4,4,3,1,4,5,3,4,4,4
444752,PhysA-S116-01,4,4,4,2,4,4,1,4,4,4
437813,PhysA-S116-01,5,4,5,1,4,5,1,4,3,5
435414,AnPhA-S116-01,5,5,5,1,5,5,1,5,4,5
479609,OcnA-S216-02,5,4,4,1,5,3,1,4,3,5
432400,AnPhA-T116-01,5,NA,3,1,5,5,1,5,3,5
433133,@X@course.course_id@X@,5,4,4,1,5,2,1,5,3,4
434776,BioA-S116-01,4,3,4,2,4,3,2,4,3,3
479979,AnPhA-S216-02,5,5,5,1,5,5,1,5,5,5
433246,OcnA-T116-01,4,3,3,2,5,4,1,5,5,5
433281,FrScA-S116-01,NA,NA,NA,NA,NA,NA,NA,NA,NA,NA
433302,BioA-S116-01,NA,NA,NA,NA,NA,NA,NA,NA,NA,NA
433282,PhysA-S116-01,5,5,5,1,5,5,1,5,3,5
444331,BioA-S116-01,NA,NA,NA,NA,NA,NA,NA,NA,NA,NA
480860,PhysA-S216-01,4,4,5,1,4,5,1,4,2,4
479410,FrScA-S216-01,5,3,3,1,5,3,2,5,4,4
432909,PhysA-S116-01,NA,NA,NA,NA,NA,NA,NA,NA,NA,NA
437893,BioA-S116-01,4,2,3,2,4,4,3,4,4,4
436593,PhysA-S116-01,4,4,3,1,4,4,2,5,4,5
495924,BioA-S216-01,5,5,5,1,5,5,1,5,5,5
437217,AnPhA-S116-01,NA,NA,NA,NA,NA,NA,NA,NA,NA,NA
435065,BioA-S116-01,4,4,3,2,4,4,2,4,3,3
479577,AnPhA-S216-02,5,4,4,1,5,5,2,5,3,5
433374,PhysA-S116-01,5,5,5,1,4,4,1,4,4,5
482203,OcnA-S216-01,NA,NA,NA,NA,NA,NA,NA,NA,NA,NA
432406,PhysA-S116-01,NA,NA,NA,NA,NA,NA,NA,NA,NA,NA
480124,FrScA-S216-01,5,4,4,1,5,4,2,5,3,5
482199,OcnA-S216-02,4,4,3,2,4,4,4,4,4,4
435631,AnPhA-S116-01,4,5,3,2,4,4,3,4,4,4
480106,OcnA-S216-01,5,4,4,1,5,5,1,5,5,5
484809,OcnA-S216-01,3,3,3,3,4,3,3,4,3,3
432729,PhysA-S116-01,NA,NA,NA,NA,NA,NA,NA,NA,NA,NA
482701,FrScA-S216-01,4,4,3,1,4,5,2,5,5,5
508704,BioA-S216-01,3,2,2,4,3,2,1,3,2,3
435149,BioA-S116-01,4,2,3,3,3,3,2,3,2,3
437581,BioA-S116-01,3,3,3,2,3,3,1,2,3,3
481709,FrScA-S216-01,4,3,3,2,4,4,3,4,3,3
431999,FrScA-S116-03,5,3,3,1,5,5,2,5,3,5
485798,FrScA-S216-01,NA,NA,NA,NA,NA,NA,NA,NA,NA,NA
437803,FrScA-S116-01,5,5,4,1,5,5,2,5,4,5
437222,AnPhA-S116-02,4,4,3,1,5,5,2,5,4,5
496105,BioA-S216-01,5,4,4,1,5,4,2,5,5,5
520607,BioA-S216-01,4,2,2,2,4,3,2,4,3,3
485742,FrScA-S216-01,4,2,1,2,4,4,2,4,4,4
435877,AnPhA-S116-02,4,5,3,1,4,5,1,4,4,4
437563,BioA-S116-01,5,4,5,1,5,5,2,5,3,5
489624,OcnA-S216-02,4,4,3,1,4,3,3,4,2,5
432723,FrScA-S116-03,5,3,5,1,5,5,1,5,5,5
432701,AnPhA-S116-01,4,3,3,2,4,4,3,4,3,4
432406,FrScA-S116-01,5,4,3,1,4,4,2,4,3,5
434225,FrScA-S116-01,5,3,4,1,4,4,2,4,3,4
448406,BioA-S116-01,4,3,2,3,4,4,3,4,4,5
437142,FrScA-S116-01,5,3,4,1,5,5,3,5,3,5
479591,FrScA-S216-01,5,2,3,1,5,4,1,5,2,5
434499,BioA-S116-01,4,4,3,2,4,4,3,4,3,3
439828,BioA-S116-01,3,4,4,1,5,5,1,5,4,5
482151,FrScA-S216-03,5,3,3,1,5,4,1,5,4,5
434162,FrScA-S116-01,5,4,4,1,5,5,1,5,4,5
480459,FrScA-S216-02,NA,NA,NA,NA,NA,NA,NA,NA,NA,NA
439113,FrScA-S116-03,NA,NA,NA,NA,NA,NA,NA,NA,NA,NA
436610,BioA-S116-01,5,5,3,1,5,5,1,5,5,5
482145,FrScA-S216-01,4,4,3,2,4,4,2,4,4,4
436868,BioA-S116-01,4,3,4,2,4,3,2,4,3,4
480106,@X@course.course_id@X@,4,4,3,1,5,3,1,5,3,5
446182,FrScA-S116-01,4,4,3,1,4,4,2,4,3,4
432748,OcnA-S116-02,NA,NA,NA,NA,NA,NA,NA,NA,NA,NA
486123,AnPhA-S216-02,5,4,4,1,4,4,3,4,4,5
434707,BioA-S116-01,5,4,4,1,4,4,2,5,3,5
480075,OcnA-S216-02,5,4,4,1,4,3,2,5,5,5
435458,BioA-S116-01,5,5,5,1,5,5,1,5,5,5
429883,BioA-S116-01,NA,NA,NA,NA,NA,NA,NA,NA,NA,NA
481244,AnPhA-S216-01,4,3,3,2,4,5,3,4,5,4
437585,FrScA-S116-01,4,2,3,2,4,3,1,4,3,3
436894,BioA-S116-01,4,4,4,2,4,4,2,4,4,4
437169,AnPhA-S116-01,5,5,4,2,4,4,2,4,3,4
432869,@X@course.course_id@X@,3,3,3,3,4,4,2,3,3,3
435139,FrScA-S116-03,5,4,3,1,5,4,1,4,4,5
432232,OcnA-S116-01,3,3,3,3,2,3,3,3,3,3
439203,FrScA-S116-01,5,4,4,1,4,4,1,4,4,5
434365,FrScA-S116-01,4,4,3,2,5,5,1,4,4,4
517522,BioA-S216-01,4,4,3,2,4,3,2,4,3,5
434666,@X@course.course_id@X@,5,4,3,1,4,4,1,4,4,5
519419,BioA-S216-01,5,5,4,1,5,5,2,5,3,5
436577,FrScA-S116-04,NA,NA,NA,NA,NA,NA,NA,NA,NA,NA
433226,@X@course.course_id@X@,4,3,3,1,4,4,2,5,3,3
479367,FrScA-S216-01,4,2,3,2,3,2,3,4,2,4
434030,BioA-S116-01,4,3,3,2,4,4,3,4,5,4
432222,OcnA-S116-02,5,4,4,1,5,4,3,5,4,5
483036,OcnA-S216-02,4,4,3,2,4,3,3,4,4,4
479568,AnPhA-S216-01,3,3,3,3,3,5,1,3,4,4
480885,FrScA-S216-01,5,3,3,1,4,4,3,5,4,5
432816,FrScA-S116-03,4,3,2,2,4,4,1,4,3,3
513066,BioA-S216-01,5,3,3,1,4,4,2,5,4,5
432856,@X@course.course_id@X@,3,3,2,3,3,4,3,3,3,3
512233,FrScA-S216-02,4,3,2,4,4,4,1,4,4,4
433387,FrScA-S116-01,5,4,3,1,5,5,1,5,4,5
432247,PhysA-S116-01,4,5,5,1,5,5,1,4,3,4
434193,AnPhA-S116-01,4,3,2,2,2,3,1,4,4,3
435065,BioA-S116-01,4,4,3,2,4,3,2,4,3,4
449301,PhysA-S116-01,NA,NA,NA,NA,NA,NA,NA,NA,NA,NA
433148,@X@course.course_id@X@,5,4,4,1,5,5,1,5,5,5
479977,FrScA-S216-01,5,5,5,1,5,5,1,5,5,5
479604,PhysA-S216-01,1,2,1,4,1,3,4,2,2,2
432232,BioA-S116-01,4,3,3,2,4,4,3,4,4,4
479603,OcnA-S216-02,3,1,1,3,1,1,2,1,1,1
479359,FrScA-S216-01,NA,NA,NA,NA,NA,NA,NA,NA,NA,NA
479393,FrScA-S216-01,5,4,3,1,5,2,2,5,3,4
440846,BioA-S116-01,NA,NA,NA,NA,NA,NA,NA,NA,NA,NA
433169,@X@course.course_id@X@,5,5,5,1,5,5,1,5,5,5
479603,OcnA-S216-01,4,4,3,2,4,4,2,4,4,4
434780,FrScA-S116-01,5,4,3,1,4,4,1,4,4,3
482315,FrScA-S216-01,NA,NA,NA,NA,NA,NA,NA,NA,NA,NA
485109,FrScA-S216-02,5,4,4,2,4,4,2,3,3,4
435856,AnPhA-S116-02,NA,NA,NA,NA,NA,NA,NA,NA,NA,NA
482323,FrScA-S216-01,5,4,3,2,4,4,2,4,4,4
480382,OcnA-S216-01,4,4,3,2,4,4,2,4,4,4
479382,AnPhA-S216-01,5,5,3,1,5,5,1,5,5,5
437814,BioA-S116-01,5,5,4,1,4,4,2,5,5,5
480376,OcnA-S216-01,5,5,5,1,4,5,1,5,5,5
432774,@X@course.course_id@X@,5,4,4,1,5,2,1,5,3,4
433172,@X@course.course_id@X@,4,2,2,4,4,4,4,3,3,4
479631,FrScA-S216-01,4,3,2,2,4,4,3,4,4,4
440473,BioA-S116-01,NA,NA,NA,NA,NA,NA,NA,NA,NA,NA
433302,BioA-S116-01,5,4,4,1,5,5,2,5,4,4
480078,OcnA-S216-02,5,4,3,1,5,4,2,5,4,5
480921,FrScA-S216-02,4,3,3,2,4,3,3,4,4,4
511582,BioA-S216-01,4,4,3,2,4,4,2,4,5,4
480025,OcnA-S216-02,5,4,3,1,4,4,1,5,4,5
435056,FrScA-S116-01,5,4,3,1,4,4,2,4,3,5
437158,BioA-S116-01,5,2,3,1,5,4,1,4,2,5
479946,AnPhA-S216-01,5,5,5,1,5,5,1,5,5,5
480419,FrScA-S216-01,4,3,2,2,4,4,3,4,3,4
486123,OcnA-S216-01,4,3,4,1,5,3,3,4,4,4
436509,BioA-S116-01,5,4,4,2,4,4,2,5,3,4
432786,AnPhA-S116-01,4,4,3,2,4,4,3,4,3,4
482573,OcnA-S216-01,4,4,4,1,4,3,1,5,3,5
436577,BioA-S116-01,5,5,3,1,5,5,2,5,5,5
436812,BioA-S116-01,5,4,4,2,4,4,2,4,3,4
434342,BioA-S116-01,NA,NA,NA,NA,NA,NA,NA,NA,NA,NA
518801,BioA-S216-01,5,4,4,1,5,4,1,5,4,5
480124,FrScA-S216-01,5,4,4,1,5,4,3,5,3,5
437996,FrScA-S116-01,5,2,4,1,5,4,3,5,2,4
520603,BioA-S216-01,4,3,2,3,3,2,4,4,2,4
440142,BioA-S116-01,NA,NA,NA,NA,NA,NA,NA,NA,NA,NA
426775,FrScA-S116-01,NA,NA,NA,NA,NA,NA,NA,NA,NA,NA
484811,FrScA-S216-02,NA,NA,NA,NA,NA,NA,NA,NA,NA,NA
484760,AnPhA-S216-01,4,4,4,2,4,5,2,4,3,4
433936,BioA-S116-01,4,3,3,2,NA,3,2,4,2,3
434906,BioA-S116-01,4,3,3,2,4,4,3,4,3,4
432758,BioA-S116-01,4,4,3,2,4,4,3,4,2,3
437289,BioA-S116-01,5,4,5,1,5,4,1,5,5,5
479393,AnPhA-S216-01,4,3,3,2,4,4,3,4,4,5
434765,BioA-S116-01,4,3,3,2,4,4,3,4,4,3
433146,FrScA-S116-03,4,1,5,2,5,3,3,5,3,5
432891,FrScA-S116-01,5,4,4,2,4,4,2,4,4,4
443493,PhysA-S116-01,5,4,3,1,4,4,2,5,3,4
440931,BioA-S116-01,5,4,4,2,4,4,2,5,4,5
437996,BioA-S116-01,4,5,3,2,4,5,3,5,4,5
437212,FrScA-S116-01,4,3,3,1,5,5,1,5,2,5
508704,BioA-S216-01,4,3,2,3,3,3,2,2,3,3
432723,@X@course.course_id@X@,5,3,3,1,4,4,1,4,3,4
482631,AnPhA-S216-01,5,5,5,1,5,5,1,5,5,5
515463,AnPhA-S216-02,5,4,3,1,5,5,3,5,4,4
439163,BioA-S116-01,NA,NA,NA,NA,NA,NA,NA,NA,NA,NA
443597,BioA-S116-01,4,4,5,2,4,4,2,4,4,4
431821,FrScA-S116-01,4,3,3,1,5,5,2,5,3,5
437196,FrScA-S116-01,5,2,4,1,5,4,2,5,2,5
433271,@X@course.course_id@X@,5,4,4,1,5,2,1,5,3,5
432400,OcnA-S116-01,5,5,4,1,5,5,2,5,5,5
517143,BioA-S216-01,5,3,2,1,5,3,2,5,2,5
485112,OcnA-S216-01,4,2,2,2,3,3,2,4,3,3
483753,OcnA-S216-01,5,4,4,1,4,5,1,5,5,5
442443,FrScA-S116-01,4,4,3,1,4,4,1,4,4,4
516826,BioA-S216-01,4,4,4,2,4,4,2,4,3,4
479602,OcnA-S216-02,NA,NA,NA,NA,NA,NA,NA,NA,NA,NA
479524,AnPhA-S216-01,NA,NA,NA,NA,NA,NA,2,NA,NA,NA
485700,PhysA-S216-01,NA,NA,NA,NA,NA,NA,NA,NA,NA,NA
436003,AnPhA-S116-02,4,4,3,2,4,4,3,4,4,4
482621,FrScA-S216-01,5,3,4,2,4,3,2,4,3,4
434690,FrScA-S116-03,5,5,3,1,5,5,2,5,5,5
516962,BioA-S216-01,5,3,2,5,4,2,1,5,2,5
435497,BioA-S116-01,4,4,5,2,4,4,3,4,3,4
483001,PhysA-S216-01,4,4,2,1,4,5,1,4,4,4
479663,OcnA-S216-01,3,3,2,3,3,3,4,3,3,3
480817,PhysA-S216-01,3,2,2,3,3,2,3,4,2,4
482379,FrScA-S216-01,5,3,3,1,4,5,3,5,3,5
435855,AnPhA-S116-02,4,5,3,2,4,4,1,4,5,4
435142,FrScA-S116-03,5,4,3,1,5,4,1,5,4,4
479527,AnPhA-S216-01,5,5,4,1,5,5,1,5,5,5
433129,FrScA-S116-01,4,2,2,2,4,3,3,4,2,4
480078,OcnA-S216-02,5,4,4,1,4,3,1,5,5,5
432271,OcnA-S116-01,4,3,5,1,5,4,2,5,4,4
434280,BioA-S116-01,5,5,5,1,5,4,3,5,4,4
436167,AnPhA-T116-01,4,4,4,2,5,5,2,4,4,4
434221,BioA-S116-01,4,4,3,2,4,5,2,4,3,2
432375,OcnA-S116-01,5,4,3,5,5,4,5,5,5,5
491879,FrScA-S216-01,5,4,4,1,4,4,2,5,3,4
480885,FrScA-S216-01,5,5,5,1,5,5,1,5,5,5
479613,OcnA-S216-02,4,2,3,2,4,3,2,4,3,2
520740,BioA-S216-01,4,4,2,2,4,3,2,4,3,4
432761,FrScA-S116-03,NA,NA,NA,NA,NA,NA,NA,NA,NA,NA
432406,PhysA-S116-01,4,5,4,2,5,4,3,5,3,5
436517,BioA-S116-01,5,4,4,2,4,4,2,5,3,5
432373,FrScA-S116-03,4,4,4,2,5,3,2,5,4,4
479351,FrScA-S216-01,4,3,3,2,4,3,3,4,3,4
436798,OcnA-S116-01,NA,NA,NA,NA,NA,NA,NA,NA,NA,NA
522747,BioA-S216-01,4,4,4,1,3,4,1,4,4,3
432473,PhysA-S116-01,NA,NA,NA,NA,NA,NA,NA,NA,NA,NA
430183,PhysA-T116-01,NA,NA,NA,NA,NA,NA,NA,NA,NA,NA
435787,FrScA-S116-01,5,4,4,1,4,4,2,4,4,5
432944,FrScA-S116-01,NA,NA,NA,NA,NA,NA,NA,NA,NA,NA
438206,PhysA-S116-01,5,4,5,1,5,5,1,5,5,4
483817,FrScA-S216-01,5,5,4,2,4,4,2,4,4,4
433246,AnPhA-S116-01,5,5,3,1,5,5,3,5,4,5
434774,FrScA-S116-03,5,4,3,1,5,5,2,5,5,5
503709,BioA-S216-01,5,4,4,1,4,4,2,4,4,4
432802,@X@course.course_id@X@,5,2,4,1,5,4,1,5,4,5
433621,OcnA-S116-01,5,3,5,1,5,4,2,5,3,5
516826,BioA-S216-01,4,4,3,1,4,4,2,4,3,4
480025,FrScA-S216-01,5,4,3,1,5,4,2,5,4,5
437142,BioA-S116-01,4,4,4,2,5,5,2,4,4,4
484745,FrScA-S216-01,NA,NA,NA,NA,NA,NA,NA,NA,NA,NA
479657,OcnA-S216-01,3,3,3,3,4,3,3,3,3,4
433371,BioA-S116-01,NA,NA,NA,NA,NA,NA,NA,NA,NA,NA
446320,PhysA-S116-01,3,2,3,2,4,3,3,4,3,4
433211,FrScA-S116-01,4,2,3,2,4,3,3,4,2,4
480921,PhysA-S216-01,3,3,3,3,4,4,3,4,2,4
513391,BioA-S216-01,4,3,2,2,4,3,2,4,3,3
482363,FrScA-S216-01,5,3,4,5,4,2,3,4,2,2
482003,OcnA-S216-01,4,3,2,2,4,4,1,4,4,4
435775,BioA-S116-01,5,4,5,1,5,4,2,5,4,5
521032,BioA-S216-01,4,5,3,2,4,4,2,4,4,2
432815,FrScA-S116-03,4,5,3,1,4,4,1,4,4,4
433880,BioA-S116-01,4,3,3,2,4,3,3,4,2,3
501514,BioA-S216-01,NA,NA,NA,NA,NA,NA,NA,NA,NA,NA
511901,BioA-S216-01,4,4,3,2,4,5,2,4,4,4
432214,PhysA-T116-01,3,3,3,5,2,4,5,3,4,3
440144,PhysA-S116-01,4,5,2,2,4,4,1,3,2,4
432694,BioA-T116-01,3,4,3,3,3,5,1,3,2,3
434318,BioA-S116-01,NA,NA,NA,NA,NA,NA,NA,NA,NA,NA
480857,PhysA-S216-01,NA,NA,NA,NA,NA,NA,NA,NA,NA,NA
432826,@X@course.course_id@X@,NA,NA,NA,NA,NA,NA,NA,NA,NA,NA
444239,BioA-S116-01,4,5,4,1,4,4,2,4,3,5
481244,FrScA-S216-01,5,5,5,1,5,5,1,5,5,5
516798,BioA-S216-01,3,3,3,4,3,3,1,3,2,4
445637,PhysA-S116-01,5,5,3,1,4,4,3,5,5,5
432268,FrScA-T116-01,4,3,4,3,5,4,3,5,3,4
484796,FrScA-S216-01,NA,NA,NA,NA,NA,NA,NA,NA,NA,1
437546,BioA-S116-01,4,4,2,2,4,4,3,4,4,4
434273,BioA-S116-01,NA,NA,NA,NA,NA,NA,NA,NA,NA,NA
480081,OcnA-S216-01,5,5,5,1,4,5,1,5,5,5
432766,AnPhA-S116-02,NA,NA,NA,NA,NA,NA,NA,NA,NA,NA
432888,PhysA-S116-01,NA,NA,NA,NA,NA,NA,NA,NA,NA,NA
485013,AnPhA-S216-01,NA,4,NA,NA,NA,NA,NA,NA,NA,NA
482001,AnPhA-S216-01,4,3,3,3,4,5,2,4,4,4
431956,OcnA-S116-02,1,2,2,2,4,3,2,4,2,2
483396,FrScA-S216-01,5,5,4,1,5,5,1,5,5,5
434234,BioA-S116-01,5,5,5,1,5,5,1,5,5,5
484710,FrScA-S216-01,5,5,3,1,5,5,1,5,4,5
480519,FrScA-S216-01,4,4,3,2,4,5,2,5,5,4
430192,OcnA-S116-01,NA,NA,NA,NA,NA,NA,NA,NA,NA,NA
514372,BioA-S216-01,NA,NA,NA,NA,NA,NA,NA,NA,NA,NA
433226,AnPhA-T116-01,4,5,3,1,4,5,1,5,5,5
520678,FrScA-S216-02,4,4,3,2,4,4,2,4,4,4
435149,BioA-S116-01,4,3,3,2,4,4,2,4,4,4
482003,OcnA-S216-01,5,5,5,1,5,4,1,5,4,5
520603,BioA-S216-01,4,2,2,NA,4,3,1,5,3,4
480536,FrScA-S216-01,4,4,3,2,4,4,3,4,4,4
488050,FrScA-S216-01,4,3,3,1,4,4,3,4,4,5
430181,FrScA-S116-03,NA,NA,NA,NA,NA,NA,NA,NA,NA,NA
432835,AnPhA-S116-01,4,4,3,2,4,4,3,4,3,4
520362,BioA-S216-01,3,2,2,3,3,2,1,4,2,5
439409,AnPhA-S116-02,NA,NA,NA,NA,NA,NA,NA,NA,NA,NA
432989,AnPhA-S116-01,4,4,4,1,4,4,2,5,4,4
430174,FrScA-S116-03,NA,NA,NA,NA,NA,NA,NA,NA,NA,NA
432171,FrScA-T116-01,5,3,3,1,5,4,2,5,3,5
486070,FrScA-S216-02,5,3,3,1,5,3,2,4,3,5
517522,BioA-S216-01,3,2,2,3,4,4,3,4,3,3
433603,BioA-S116-01,5,5,5,1,4,4,1,5,4,5
432856,FrScA-S116-03,NA,NA,NA,NA,NA,NA,NA,NA,NA,NA
511582,BioA-S216-01,4,4,3,2,4,5,NA,4,4,4
524944,BioA-S216-01,4,4,4,2,4,4,2,3,1,4
432791,PhysA-S116-01,4,4,3,2,4,4,3,5,4,4
483855,OcnA-S216-01,5,4,3,1,5,4,1,5,4,4
486124,OcnA-S216-01,4,2,3,2,4,3,3,4,3,3
435465,AnPhA-S116-01,4,4,3,2,4,4,3,4,4,4
488050,OcnA-S216-01,4,3,2,1,4,4,2,4,4,5
488158,FrScA-S216-01,4,5,3,2,4,4,2,4,4,4
508226,PhysA-S216-01,4,3,1,2,4,4,2,4,3,3
479797,FrScA-S216-01,5,4,3,2,4,4,2,4,4,4
434168,FrScA-S116-01,5,3,3,1,5,5,1,5,2,5
432409,PhysA-S116-01,NA,NA,NA,NA,NA,NA,NA,NA,NA,NA
484730,FrScA-S216-01,4,3,4,2,4,4,3,4,3,4
433198,AnPhA-S116-01,5,5,4,1,5,5,1,5,5,5
480173,OcnA-S216-01,4,3,3,2,4,4,3,5,3,5
479389,AnPhA-S216-02,4,3,2,2,4,5,3,4,3,2
483052,OcnA-S216-02,5,5,5,1,5,5,1,5,5,5
480857,OcnA-S216-02,3,2,3,3,4,4,2,3,4,3
479405,FrScA-S216-01,4,2,3,2,3,2,3,4,2,4
436824,BioA-S116-01,5,5,5,1,5,5,1,NA,3,4
488024,FrScA-S216-02,4,5,4,2,4,5,2,3,4,4
489010,PhysA-S216-01,4,4,3,4,4,4,4,3,4,3
479603,OcnA-S216-02,NA,NA,NA,NA,NA,NA,NA,NA,NA,NA
436824,OcnA-S116-03,NA,NA,NA,NA,NA,NA,NA,NA,NA,NA
481593,OcnA-S216-01,4,3,2,2,4,4,3,4,3,3
482712,FrScA-S216-01,4,4,4,2,4,4,2,4,4,4
442435,AnPhA-S116-02,5,1,4,1,4,4,2,5,4,4
519349,BioA-S216-01,4,3,3,2,3,3,3,4,2,4
435463,AnPhA-S116-01,4,4,4,1,4,5,1,5,5,4
435059,BioA-S116-01,4,3,3,2,4,4,2,4,3,4
438206,BioA-S116-01,4,4,3,2,4,4,3,4,3,4
437131,BioA-S116-01,4,3,4,2,4,3,2,4,3,2
479808,FrScA-S216-01,5,2,3,2,5,3,2,5,4,5
432745,PhysA-S116-01,NA,NA,NA,NA,NA,NA,NA,NA,NA,NA
479527,FrScA-S216-01,4,3,2,2,4,3,3,4,3,4
479568,FrScA-S216-01,NA,NA,NA,NA,NA,NA,NA,NA,NA,NA
438242,OcnA-S116-02,4,4,3,1,4,4,2,4,4,4
439113,BioA-S116-01,5,5,3,1,5,5,3,5,5,5
482204,AnPhA-S216-01,5,5,5,1,5,5,1,5,5,5
433260,FrScA-S116-01,NA,NA,NA,NA,NA,NA,NA,NA,NA,NA
437903,BioA-S116-01,4,3,2,1,3,3,2,4,4,4
515463,BioA-S216-01,5,5,5,1,4,4,2,5,5,5
432221,FrScA-S116-01,4,2,2,4,4,3,1,3,3,1
435453,AnPhA-T116-01,5,5,5,1,5,5,2,5,5,5
479643,AnPhA-S216-01,4,5,3,2,5,5,1,5,3,5
437893,BioA-S116-01,4,4,2,1,4,4,1,4,4,4
485099,OcnA-S216-01,5,4,3,1,5,4,1,5,3,4
430190,PhysA-S116-01,NA,NA,NA,NA,NA,NA,NA,NA,NA,NA
432378,FrScA-S116-03,4,3,2,2,4,4,2,4,3,2
479609,OcnA-S216-02,4,3,3,2,5,4,2,4,3,5
437814,BioA-S116-01,5,5,3,1,5,5,2,5,5,5
432444,PhysA-S116-01,NA,NA,NA,NA,NA,NA,NA,NA,NA,NA
480871,OcnA-S216-01,5,5,5,2,4,5,2,4,4,4
481590,FrScA-S216-02,5,4,4,1,5,4,1,5,5,5
433156,OcnA-S116-02,4,4,3,2,4,4,3,4,4,4
479748,AnPhA-S216-01,4,3,3,4,5,4,2,5,5,5
520849,BioA-S216-01,3,2,2,3,3,3,3,4,2,3
437142,BioA-S116-01,5,2,4,2,4,3,1,5,3,5
480142,BioA-S216-01,3,2,3,3,4,4,3,4,2,2
433388,OcnA-S116-01,5,4,3,1,5,4,1,5,5,5
479547,FrScA-S216-01,5,3,3,1,5,4,1,5,3,4
442407,AnPhA-S116-02,5,4,5,1,5,5,3,5,4,4
435392,BioA-S116-01,4,3,3,2,4,3,2,4,2,4
520607,BioA-S216-01,4,2,2,1,4,2,1,4,2,3
440558,PhysA-S116-01,NA,NA,NA,NA,NA,NA,NA,NA,NA,NA
442797,BioA-S116-01,4,2,2,2,4,3,2,4,1,3
433222,FrScA-S116-03,4,3,3,2,5,4,2,5,5,5
444975,BioA-S116-01,NA,NA,NA,NA,NA,NA,NA,NA,NA,NA
479957,OcnA-S216-01,5,5,5,1,4,5,1,5,5,5
435110,FrScA-S116-03,5,3,3,1,5,5,2,5,2,5
432719,BioA-T116-01,3,3,3,4,3,3,1,4,3,3
443493,BioA-S116-01,5,5,4,1,5,5,2,5,5,5
479933,AnPhA-S216-01,4,5,2,2,4,5,3,5,4,5
432826,FrScA-S116-02,5,4,5,2,5,5,2,5,4,5
434342,FrScA-S116-01,4,4,4,1,5,5,1,4,4,5
432353,OcnA-S116-01,4,5,3,2,4,4,3,4,3,3
433246,AnPhA-S116-01,4,4,3,2,4,4,2,4,3,4
483008,OcnA-S216-02,4,3,4,2,5,4,2,4,4,3
512612,BioA-S216-01,5,5,4,1,4,5,1,4,4,4
520452,BioA-S216-01,5,4,4,1,4,4,1,4,4,4
446317,PhysA-S116-01,NA,NA,NA,NA,NA,NA,NA,NA,NA,NA
432791,OcnA-S116-02,NA,NA,NA,NA,NA,NA,NA,NA,NA,NA
498571,BioA-S216-01,4,4,3,4,4,5,1,4,4,4
432323,FrScA-S116-01,4,4,4,2,5,3,2,4,2,4
438330,BioA-S116-01,4,4,3,2,4,4,2,4,3,4
479486,FrScA-S216-01,4,3,3,1,4,3,2,5,3,5
480386,OcnA-S216-01,4,4,3,2,4,4,2,4,3,5
435152,BioA-S116-01,NA,NA,NA,NA,NA,NA,NA,NA,NA,NA
513052,OcnA-S216-01,4,4,2,2,4,4,2,4,4,4
484730,AnPhA-S216-01,4,4,4,2,4,5,2,4,3,4
515454,FrScA-S216-02,NA,NA,NA,NA,NA,NA,NA,NA,1,NA
482379,FrScA-S216-01,4,4,3,2,4,4,2,4,4,4
435021,BioA-S116-01,5,4,3,2,5,3,1,5,4,5
488380,OcnA-S216-01,4,3,3,2,4,4,3,4,4,4
432214,OcnA-S116-02,4,3,4,2,4,3,2,4,3,5
430197,PhysA-S116-01,NA,NA,NA,NA,NA,NA,NA,NA,NA,NA
482003,FrScA-S216-01,5,5,5,NA,5,5,1,5,NA,5
482597,FrScA-S216-01,4,4,3,2,4,5,2,4,4,4
480391,OcnA-S216-01,4,4,4,1,5,4,2,4,3,5
482313,AnPhA-S216-01,5,5,4,1,4,5,2,4,4,5
434231,FrScA-S116-01,NA,NA,NA,NA,NA,NA,NA,NA,NA,NA
492536,OcnA-S216-01,NA,NA,NA,NA,NA,NA,NA,NA,NA,NA
523231,AnPhA-S216-01,4,4,3,1,4,4,1,4,5,4
433302,BioA-S116-01,NA,NA,NA,NA,NA,NA,NA,NA,NA,NA
479395,FrScA-S216-01,3,4,3,2,2,4,2,4,4,3
434638,FrScA-S116-01,4,3,3,2,4,3,4,4,3,5
519353,BioA-S216-01,3,3,3,3,3,3,3,3,2,3
479363,AnPhA-S216-01,4,4,3,2,4,4,2,4,4,4
479478,FrScA-S216-01,5,3,3,1,5,4,1,5,3,4
482315,FrScA-S216-02,5,3,3,2,4,3,2,5,3,5
514392,BioA-S216-01,4,4,2,3,3,4,2,4,4,3
433621,OcnA-S116-01,5,4,4,1,5,4,2,5,4,5
430192,OcnA-T116-01,NA,NA,NA,NA,NA,NA,NA,NA,NA,NA
479568,FrScA-S216-01,NA,NA,NA,NA,NA,NA,NA,NA,NA,NA
439801,FrScA-S116-01,NA,NA,NA,NA,NA,NA,NA,NA,NA,NA
482700,OcnA-S216-01,4,4,3,2,4,5,2,4,4,4
435054,PhysA-S116-01,NA,NA,NA,NA,NA,NA,NA,NA,NA,NA
517522,BioA-S216-01,4,4,2,4,2,4,3,3,2,2
519342,BioA-S216-01,5,2,4,1,4,2,1,4,2,4
480078,FrScA-S216-01,NA,NA,NA,NA,NA,NA,NA,NA,NA,NA
480010,AnPhA-S216-02,5,5,5,1,5,5,1,5,5,5
433178,@X@course.course_id@X@,5,4,4,1,5,4,1,5,4,5
436888,BioA-S116-01,NA,NA,NA,NA,NA,NA,NA,NA,NA,NA
446320,FrScA-S116-01,4,3,3,2,4,4,2,4,3,3
484753,AnPhA-S216-01,5,5,4,2,5,5,3,5,3,4
430188,OcnA-T116-01,NA,NA,NA,NA,NA,NA,NA,NA,NA,NA
433118,BioA-T116-01,3,2,3,3,2,3,3,3,3,3
432514,BioA-S116-01,3,2,3,4,3,3,3,3,2,1
436758,AnPhA-S116-01,4,4,5,1,4,5,2,4,4,4
432774,OcnA-S116-01,3,3,NA,5,2,3,3,2,3,1
480817,PhysA-S216-01,4,4,3,2,4,5,3,4,2,4
508704,AnPhA-S216-01,4,4,3,2,4,3,2,4,2,5
439175,AnPhA-T116-01,NA,NA,NA,NA,NA,NA,NA,NA,NA,NA
480033,FrScA-S216-01,5,3,3,2,4,5,3,4,3,3
437315,BioA-S116-01,5,5,5,1,5,5,1,5,5,5
434228,FrScA-S116-01,5,3,4,1,5,4,2,5,2,2
438902,BioA-S116-01,5,5,3,2,5,5,1,5,4,5
483036,FrScA-S216-01,NA,NA,NA,NA,NA,NA,NA,NA,NA,NA
485112,FrScA-S216-01,5,4,3,2,5,4,2,5,3,5
434324,BioA-S116-01,5,4,3,1,5,5,1,5,5,5
483394,FrScA-S216-01,5,5,5,1,5,5,2,5,5,5
432802,AnPhA-S116-01,5,5,4,1,5,5,2,4,4,4
437585,BioA-S116-01,5,5,4,1,4,4,2,5,3,5
511961,BioA-S216-01,3,3,2,3,4,3,3,3,3,4
430167,BioA-S116-01,NA,NA,NA,NA,NA,NA,NA,NA,NA,NA
435824,BioA-S116-01,5,5,5,1,5,5,1,5,5,5
433110,FrScA-S116-01,4,4,3,2,4,4,2,4,2,3
437191,FrScA-S116-01,3,2,3,2,4,3,2,3,3,3
439828,BioA-S116-01,4,5,3,1,4,4,2,4,4,4
491542,AnPhA-S216-01,4,NA,2,1,4,4,3,4,3,4
435831,BioA-S116-01,4,5,3,1,4,4,2,5,5,5
485080,FrScA-S216-02,5,4,3,1,5,5,1,5,5,5
432323,OcnA-T116-01,4,3,4,3,4,3,2,3,3,3
479376,FrScA-S216-01,5,4,3,1,5,5,1,5,5,5
481250,FrScA-S216-01,5,5,5,2,4,4,2,4,4,4
434660,FrScA-S116-01,NA,NA,NA,NA,NA,NA,NA,NA,NA,NA
444752,PhysA-S116-01,NA,NA,NA,NA,NA,NA,NA,NA,NA,NA
516746,BioA-S216-01,5,3,3,1,4,3,2,4,2,4
490973,AnPhA-S216-01,5,5,4,1,4,5,2,4,5,5
479618,FrScA-S216-01,2,2,2,4,4,4,2,3,2,3
435109,FrScA-S116-03,5,3,3,1,5,5,1,5,3,5
484710,FrScA-S216-01,4,3,3,2,4,3,2,4,3,4
433124,FrScA-S116-01,NA,NA,NA,NA,NA,NA,NA,NA,NA,NA
433234,AnPhA-S116-01,4,4,3,2,4,4,1,3,3,4
483940,OcnA-S216-01,5,4,3,1,5,4,2,5,2,5
436874,OcnA-S116-03,3,2,3,4,2,3,3,2,3,3
430183,FrScA-S116-03,NA,NA,NA,NA,NA,NA,NA,NA,NA,NA
514048,BioA-S216-01,4,3,2,3,2,2,3,3,2,3
436874,OcnA-S116-03,NA,NA,NA,NA,NA,NA,NA,NA,NA,NA
439805,FrScA-S116-01,NA,NA,NA,NA,NA,NA,NA,NA,NA,NA
480779,OcnA-S216-01,3,3,2,3,4,3,3,4,3,4
433144,@X@course.course_id@X@,4,4,3,1,4,4,1,5,3,5
443493,PhysA-S116-01,4,4,3,2,4,4,2,4,4,4
432371,OcnA-S116-01,5,4,5,1,5,4,1,5,5,5
432989,AnPhA-S116-01,4,4,3,2,4,4,3,4,3,4
481380,AnPhA-S216-02,5,5,4,1,5,5,1,5,3,4
434817,FrScA-S116-03,5,4,4,1,5,4,1,5,3,5
434678,BioA-S116-01,5,5,5,1,5,5,1,5,5,5
482003,OcnA-S216-01,4,3,2,1,4,5,1,5,2,5
431955,FrScA-T116-01,4,3,4,1,5,4,4,5,3,4
434273,BioA-S116-01,NA,NA,NA,NA,NA,NA,NA,NA,NA,NA
442510,FrScA-S116-01,4,5,3,2,4,4,2,4,4,4
432875,@X@course.course_id@X@,5,4,NA,2,4,5,2,4,3,4
433211,AnPhA-S116-02,5,4,4,1,4,4,3,5,4,4
483467,AnPhA-S216-01,5,4,3,2,4,5,1,4,4,4
433156,@X@course.course_id@X@,NA,NA,NA,NA,NA,NA,NA,NA,NA,NA
434280,PhysA-S116-01,NA,NA,NA,NA,NA,NA,NA,NA,NA,NA
433118,AnPhA-T116-01,5,5,4,1,5,5,1,5,5,5
431864,FrScA-S116-01,4,3,3,2,4,3,3,4,2,3
484853,OcnA-S216-01,5,4,4,1,4,5,1,4,4,4
516486,BioA-S216-01,5,3,3,5,4,2,2,4,2,4
435109,FrScA-S116-03,5,3,3,1,5,5,1,5,3,5
484496,OcnA-S216-01,3,4,2,2,3,3,3,3,4,4
482173,FrScA-S216-01,4,4,3,1,4,4,1,4,4,5
440547,BioA-S116-01,5,5,5,1,4,4,5,5,4,5
434744,OcnA-S116-01,NA,NA,NA,NA,NA,NA,NA,NA,NA,NA
483753,OcnA-S216-01,5,3,4,1,5,4,2,5,3,4
432722,AnPhA-S116-01,NA,NA,NA,NA,NA,NA,NA,NA,NA,NA
433111,PhysA-S116-01,4,4,3,2,4,4,1,5,3,4
480078,BioA-S216-01,4,4,2,2,4,4,2,4,4,3
435213,BioA-S116-01,4,3,3,2,4,4,3,4,3,4
484811,OcnA-S216-02,2,1,1,4,2,3,3,2,3,3
447477,PhysA-S116-01,NA,NA,NA,NA,NA,NA,NA,NA,NA,NA
437875,PhysA-S116-01,4,3,2,2,4,4,3,4,3,3
479923,FrScA-S216-01,5,2,3,1,4,2,2,5,4,5
437320,BioA-S116-01,5,4,5,1,5,5,1,5,5,4
439801,FrScA-S116-01,NA,NA,NA,NA,NA,NA,NA,NA,NA,NA
448406,PhysA-S116-01,4,4,3,2,4,4,2,4,2,4
439113,BioA-S116-01,5,5,3,1,5,5,3,5,5,5
483752,OcnA-S216-01,5,4,4,1,5,4,1,5,3,3
522738,BioA-S216-01,4,4,3,3,4,4,1,4,4,4
432309,FrScA-S116-01,5,5,4,1,5,5,2,5,4,5
435465,AnPhA-S116-01,4,4,3,1,4,5,1,5,4,4
434199,BioA-S116-01,5,5,5,1,5,5,1,5,5,5
479467,FrScA-S216-01,5,2,3,1,5,5,3,5,2,5
480793,AnPhA-S216-01,4,4,4,2,4,4,3,4,4,4
430174,OcnA-T116-01,NA,NA,NA,NA,NA,NA,NA,NA,NA,NA
480882,FrScA-S216-02,5,5,5,1,5,5,1,5,5,5
482379,AnPhA-S216-02,4,3,2,2,4,5,2,4,3,4
480531,OcnA-S216-02,NA,NA,NA,NA,NA,NA,NA,NA,NA,NA
480378,OcnA-S216-01,4,3,2,2,4,4,3,4,4,4
432815,FrScA-S116-03,NA,NA,NA,NA,NA,NA,NA,NA,NA,NA
479998,AnPhA-S216-02,5,5,5,1,5,5,1,5,5,5
484711,FrScA-S216-01,4,3,3,2,4,4,2,4,4,4
435803,BioA-S116-01,4,3,3,2,4,3,3,4,2,2
432994,BioA-T116-01,3,3,3,4,3,3,2,3,2,2
434874,BioA-S116-01,5,4,3,1,5,4,1,5,5,5
433110,@X@course.course_id@X@,4,4,3,1,4,4,1,5,4,5
479946,AnPhA-S216-01,4,5,3,1,4,5,2,5,4,5
432848,OcnA-S116-01,3,3,5,3,3,3,3,3,2,3
480884,OcnA-S216-02,5,4,4,1,4,3,2,5,5,5
440144,PhysA-S116-01,4,4,3,2,4,4,2,3,2,4
479539,FrScA-S216-01,NA,NA,NA,NA,NA,NA,2,NA,NA,NA
432218,OcnA-S116-02,5,5,5,1,5,5,1,5,5,5
479560,AnPhA-S216-02,NA,NA,NA,NA,NA,NA,NA,NA,NA,NA
444891,BioA-S116-01,NA,NA,NA,NA,NA,NA,NA,NA,NA,NA
485717,FrScA-S216-01,4,3,3,1,4,3,2,4,3,5
481250,AnPhA-S216-02,5,5,5,1,5,5,1,5,5,5
481273,FrScA-S216-01,5,5,5,1,5,5,1,5,5,NA
444648,BioA-S116-01,NA,NA,NA,NA,NA,NA,NA,NA,NA,NA
482647,FrScA-S216-01,4,4,4,2,4,4,2,4,4,4
434263,FrScA-S116-01,4,3,3,2,4,3,4,4,2,4
435036,PhysA-S116-01,NA,NA,NA,NA,NA,NA,NA,NA,NA,NA
433125,FrScA-S116-01,4,3,2,2,4,3,3,4,3,4
508226,BioA-S216-01,5,5,5,2,5,5,1,5,5,5
479710,OcnA-S216-01,4,3,3,2,3,3,3,4,3,2
434744,BioA-S116-01,NA,NA,NA,NA,NA,NA,NA,NA,NA,NA
432296,FrScA-S116-02,5,5,4,1,5,4,2,5,3,5
434315,BioA-S116-01,5,5,5,1,5,5,3,5,5,5
449206,FrScA-S116-01,5,3,4,1,5,4,3,5,3,2
484796,AnPhA-S216-02,4,4,3,2,4,4,2,4,4,4
432431,PhysA-S116-01,3,4,4,2,4,5,1,4,3,3
440224,BioA-S116-01,NA,NA,NA,NA,NA,NA,NA,NA,NA,NA
515454,BioA-S216-01,4,2,4,2,3,2,2,4,2,5
480419,PhysA-S216-01,4,5,3,2,4,5,2,4,2,4
512284,BioA-S216-01,4,4,3,2,4,4,2,4,4,4
435413,BioA-S116-01,4,4,3,1,5,4,1,5,4,4
432171,FrScA-S116-01,4,3,2,4,4,3,2,4,3,3
446155,FrScA-S116-01,4,3,3,3,3,3,2,3,3,2
484710,OcnA-S216-01,2,2,2,4,3,3,2,4,3,2
439271,BioA-S116-01,4,4,4,2,4,5,2,4,4,4
434290,BioA-S116-01,5,5,5,1,5,4,3,5,5,5
432820,@X@course.course_id@X@,5,4,4,1,5,5,1,5,5,5
498422,BioA-S216-01,4,4,3,2,4,3,2,4,4,5
444675,FrScA-S116-01,NA,NA,NA,NA,NA,NA,NA,NA,NA,NA
499207,BioA-S216-01,2,2,2,3,3,2,3,3,4,3
439149,BioA-S116-01,5,5,3,1,5,5,3,5,5,5
434472,FrScA-S116-01,4,4,4,1,4,4,2,4,3,5
482233,FrScA-S216-01,4,3,3,1,4,3,2,5,3,3
434757,BioA-S116-01,4,3,4,2,4,3,1,4,3,3
434228,BioA-S116-01,4,4,3,2,4,4,1,4,4,4
435787,AnPhA-S116-02,5,4,4,1,4,4,2,5,3,4
436760,PhysA-S116-01,5,4,4,1,5,4,1,5,3,5
484496,OcnA-S216-01,4,3,3,2,4,4,3,4,4,4
518018,BioA-S216-01,3,2,2,4,3,2,2,4,2,3
440492,BioA-S116-01,4,4,3,3,5,5,3,5,4,4
479951,PhysA-S216-01,1,NA,1,3,2,1,3,3,1,1
433127,AnPhA-T116-01,5,5,4,1,5,5,1,5,5,5
480376,FrScA-S216-01,4,3,2,2,4,5,3,4,4,5
485032,AnPhA-S216-01,4,4,2,3,3,3,3,4,3,3
483465,AnPhA-S216-01,5,5,5,1,5,5,1,5,5,5
479618,AnPhA-S216-01,5,4,3,1,4,4,1,5,4,5
432268,FrScA-T116-01,4,3,4,2,5,4,2,5,3,4
514048,BioA-S216-01,4,4,2,2,4,3,2,4,4,4
435036,FrScA-S116-01,4,3,2,3,4,3,1,3,3,2
434632,AnPhA-S116-01,5,5,4,1,5,5,1,5,4,5
430179,FrScA-S116-02,NA,NA,NA,NA,NA,NA,NA,NA,NA,NA
479951,AnPhA-S216-01,5,4,4,1,5,5,2,5,4,5
485717,FrScA-S216-01,4,4,4,2,4,5,3,4,3,4
479358,FrScA-S216-01,NA,NA,NA,NA,NA,NA,NA,NA,NA,NA
484796,FrScA-S216-02,4,3,4,1,5,4,2,5,4,4
487179,OcnA-S216-01,5,3,4,1,5,4,3,4,2,5
459800,BioA-S116-01,4,4,4,2,4,4,2,4,4,3
485065,OcnA-S216-02,4,3,3,1,4,4,1,4,4,5
482712,FrScA-S216-01,4,4,3,2,4,5,2,5,4,5
480070,BioA-S216-01,4,3,2,2,4,4,3,4,3,4
479631,FrScA-S216-02,5,3,3,2,4,3,3,4,4,5
482573,AnPhA-S216-01,5,5,5,1,5,5,1,5,5,5
436796,PhysA-S116-01,4,4,3,2,4,4,3,5,3,4
434162,FrScA-S116-01,5,3,3,1,5,4,1,5,3,4
482613,AnPhA-S216-01,5,5,4,1,4,5,2,4,4,5
448179,BioA-S116-01,4,4,5,NA,1,4,1,4,4,5
480820,OcnA-S216-01,4,3,2,2,4,4,3,4,3,4
434678,BioA-S116-01,NA,NA,NA,NA,NA,NA,NA,NA,NA,NA
436618,BioA-S116-01,5,5,5,1,5,5,1,5,5,5
432736,PhysA-S116-01,4,4,4,1,4,5,1,5,4,4
432676,AnPhA-S116-01,4,4,4,2,4,4,3,3,3,3
433672,AnPhA-S116-02,5,5,4,1,5,5,1,5,5,5
445963,PhysA-S116-01,5,4,3,1,4,4,1,5,3,3
434037,FrScA-S116-01,5,3,3,1,4,4,2,5,3,5
432282,OcnA-S116-02,4,4,4,2,4,4,2,4,3,5
434426,FrScA-S116-01,4,3,4,1,5,4,3,5,2,5
479468,AnPhA-S216-02,4,4,3,1,4,5,2,5,5,5
440010,PhysA-S116-01,NA,NA,NA,NA,NA,NA,NA,NA,NA,NA
436863,FrScA-S116-01,5,5,4,1,5,5,1,5,3,5
430174,FrScA-S116-02,NA,NA,NA,NA,NA,NA,NA,NA,NA,NA
434248,FrScA-S116-01,3,2,2,2,3,3,3,4,3,3
435021,BioA-S116-01,4,4,5,2,4,4,2,4,3,4
434281,PhysA-S116-01,NA,NA,NA,NA,NA,NA,NA,NA,NA,NA
436824,FrScA-S116-01,4,3,3,1,5,5,1,5,3,5
438242,BioA-S116-01,4,3,3,2,4,3,1,3,2,4
432531,OcnA-S116-02,5,5,5,1,5,5,1,5,5,5
479370,FrScA-S216-01,4,2,3,1,5,4,2,5,2,3
434234,FrScA-S116-01,NA,NA,NA,NA,NA,NA,NA,NA,NA,NA
432296,OcnA-S116-02,4,3,4,2,4,3,2,4,3,3
483079,FrScA-S216-02,5,4,3,2,4,4,2,4,4,4
479486,FrScA-S216-01,5,2,3,1,5,4,1,5,3,5
479370,AnPhA-S216-01,5,5,3,1,5,5,3,5,5,5
434245,FrScA-S116-01,5,1,4,5,4,3,1,4,3,3
433936,FrScA-S116-03,5,5,4,1,5,5,3,5,5,5
432406,FrScA-S116-01,5,5,4,1,5,5,2,5,5,5
438185,BioA-S116-01,4,4,4,2,4,4,2,3,3,4
435835,OcnA-S116-01,NA,NA,NA,NA,NA,NA,NA,NA,NA,NA
482946,AnPhA-S216-01,5,3,3,1,5,5,1,5,4,4
520951,BioA-S216-01,NA,NA,NA,NA,NA,NA,NA,NA,NA,NA
514708,BioA-S216-01,4,2,4,2,4,4,1,4,4,4
433388,AnPhA-T116-01,NA,NA,NA,NA,NA,NA,NA,NA,NA,NA
478669,BioA-S116-01,4,2,2,2,4,2,3,4,2,3
482203,OcnA-S216-01,4,3,2,1,5,3,1,4,4,4
434225,FrScA-S116-01,4,4,3,3,4,3,2,3,4,4
481269,AnPhA-S216-02,5,5,4,1,5,5,3,5,5,5
433202,FrScA-S116-01,4,4,3,2,4,4,3,4,4,5
512284,BioA-S216-01,4,3,2,4,4,3,1,4,3,4
482323,AnPhA-S216-02,5,5,3,1,5,4,2,5,4,5
431889,FrScA-S116-01,5,5,3,1,5,5,1,5,3,5
