student_id,course_id,total_points_possible,total_points_earned,percentage_earned,subject,semester,section,Points_Possible,Points_Earned,Gender,q1,q2,q3,q4,q5,q6,q7,q8,q9,q10,TimeSpent,TimeSpent_hours,TimeSpent_std
43146,FrScA-S216-02,1821,1039,0.5705656232839099,FrScA,S216,02,15,15,F,NA,NA,NA,NA,NA,NA,NA,NA,NA,NA,1918.6166,31.976943333333335,0.08336775108865244
44638,OcnA-S116-01,3636,2494,0.6859185918591859,OcnA,S116,01,5,5,F,NA,NA,NA,NA,NA,NA,NA,NA,NA,NA,NA,NA,NA
47448,FrScA-S216-01,4150,3242,0.7812048192771084,FrScA,S216,01,10,10,F,NA,NA,NA,NA,NA,NA,NA,NA,NA,NA,1867.4169,31.123614999999997,0.044993709222342346
47979,OcnA-S216-01,3750,3113,0.8301333333333333,OcnA,S216,01,30,25.5,F,NA,NA,NA,NA,NA,NA,NA,NA,NA,NA,NA,NA,NA
48797,PhysA-S116-01,2018,1684,0.8344895936570862,PhysA,S116,01,10,10,F,NA,NA,NA,NA,NA,NA,NA,NA,NA,NA,NA,NA,NA
51943,FrScA-S216-03,2608,2305,0.883819018404908,FrScA,S216,03,10,10,F,NA,NA,NA,NA,NA,NA,NA,NA,NA,NA,NA,NA,NA
52326,AnPhA-S216-01,4040,3086,0.7638613861386139,AnPhA,S216,01,10,10,F,NA,NA,NA,NA,NA,NA,NA,NA,NA,NA,NA,NA,NA
52446,PhysA-S116-01,2612,2223,0.8510719754977029,PhysA,S116,01,30,30,M,NA,NA,NA,NA,NA,NA,NA,NA,NA,NA,NA,NA,NA
53447,FrScA-S116-01,3063,2283,0.7453476983349657,FrScA,S116,01,10,NA,M,NA,NA,NA,NA,NA,NA,NA,NA,NA,NA,NA,NA,NA
53475,FrScA-S116-02,4318,3347,0.7751273737841593,FrScA,S116,02,10,8,M,NA,NA,NA,NA,NA,NA,NA,NA,NA,NA,NA,NA,NA
53475,FrScA-S216-01,9264,6512,0.7029360967184801,FrScA,S216,01,5,5,F,NA,NA,NA,NA,NA,NA,NA,NA,NA,NA,860.4335,14.340558333333332,-0.7097377276860612
54066,OcnA-S116-01,3310,2673,0.8075528700906345,OcnA,S116,01,5,5,F,NA,NA,NA,NA,NA,NA,NA,NA,NA,NA,NA,NA,NA
54282,OcnA-S116-02,4396,3626,0.8248407643312102,OcnA,S116,02,5,5,F,NA,NA,NA,NA,NA,NA,NA,NA,NA,NA,1598.6166,26.643610000000002,-0.15647141588340407
54342,OcnA-S116-02,4745,3084,0.6499473129610116,OcnA,S116,02,20,NA,F,NA,NA,NA,NA,NA,NA,NA,NA,NA,NA,NA,NA,NA
54346,OcnA-S116-01,5117,4402,0.8602696892710573,OcnA,S116,01,10,10,F,NA,NA,NA,NA,NA,NA,NA,NA,NA,NA,NA,NA,NA
54434,PhysA-S116-01,2694,2456,0.9116555308092057,PhysA,S116,01,5,3,M,NA,NA,NA,NA,NA,NA,NA,NA,NA,NA,NA,NA,NA
54567,OcnA-S216-02,4682,4195,0.8959846219564289,OcnA,S216,02,720,647,F,NA,NA,NA,NA,NA,NA,NA,NA,NA,NA,3.9167,0.06527833333333334,-1.3516948395909723
55078,FrScA-S216-01,4681,3128,0.6682332834864345,FrScA,S216,01,5,5,M,NA,NA,NA,NA,NA,NA,NA,NA,NA,NA,NA,NA,NA
55140,PhysA-S116-01,4179,3106,0.7432400095716679,PhysA,S116,01,10,10,F,NA,NA,NA,NA,NA,NA,NA,NA,NA,NA,1863.5169,31.058615,0.042070669374870515
55283,FrScA-S116-01,2810,2286,0.8135231316725978,FrScA,S116,01,280,256,F,NA,NA,NA,NA,NA,NA,NA,NA,NA,NA,NA,NA,NA
56152,AnPhA-S116-02,1480,1090,0.7364864864864865,AnPhA,S116,02,37,37,F,NA,NA,NA,NA,NA,NA,NA,NA,NA,NA,NA,NA,NA
57188,AnPhA-S116-02,3612,3078,0.8521594684385382,AnPhA,S116,02,10,10,F,NA,NA,NA,NA,NA,NA,NA,NA,NA,NA,NA,NA,NA
57188,FrScA-S216-01,2327,1853,0.7963042544048131,FrScA,S216,01,10,NA,F,NA,NA,NA,NA,NA,NA,NA,NA,NA,NA,NA,NA,NA
57224,FrScA-S116-03,3063,2332,0.7613450865164871,FrScA,S116,03,30,24.33333,F,NA,NA,NA,NA,NA,NA,NA,NA,NA,NA,2448.4838,40.80806333333333,0.48050183813182756
57489,PhysA-S116-01,4452,3620,0.8131176999101527,PhysA,S116,01,24,NA,F,NA,NA,NA,NA,NA,NA,NA,NA,NA,NA,NA,NA,NA
57981,OcnA-S116-01,1964,1161,0.5911405295315683,OcnA,S116,01,12,12,M,NA,NA,NA,NA,NA,NA,NA,NA,NA,NA,NA,NA,NA
58168,AnPhA-S216-01,3719,2663,0.7160527023393385,AnPhA,S216,01,15,13,M,NA,NA,NA,NA,NA,NA,NA,NA,NA,NA,1321.8164,22.030273333333334,-0.3639324452137124
58178,OcnA-S116-01,4813,3244,0.6740078952836069,OcnA,S116,01,10,7.6,F,NA,NA,NA,NA,NA,NA,NA,NA,NA,NA,1321.8164,22.030273333333334,-0.3639324452137124
60186,AnPhA-S116-01,4350,3534,0.8124137931034483,AnPhA,S116,01,5,5,F,NA,NA,NA,NA,NA,NA,NA,NA,NA,NA,NA,NA,NA
61357,FrScA-S116-02,2816,2380,0.8451704545454546,FrScA,S116,02,10,10,M,NA,NA,NA,NA,NA,NA,NA,NA,NA,NA,NA,NA,NA
61941,FrScA-S116-01,3553,3058,0.8606811145510835,FrScA,S116,01,625,536.205,F,NA,NA,NA,NA,NA,NA,NA,NA,NA,NA,NA,NA,NA
61965,BioA-S116-01,4928,3743,0.7595373376623377,BioA,S116,01,10,10,M,NA,NA,NA,NA,NA,NA,NA,NA,NA,NA,NA,NA,NA
62157,FrScA-S116-02,2775,2449,0.8825225225225225,FrScA,S116,02,10,8,F,NA,NA,NA,NA,NA,NA,NA,NA,NA,NA,48.0332,0.8005533333333333,-1.3186296376855886
62175,OcnA-S216-01,4280,2576,0.6018691588785047,OcnA,S216,01,5,5,F,NA,NA,NA,NA,NA,NA,NA,NA,NA,NA,NA,NA,NA
62576,PhysA-S116-01,2224,1751,0.7873201438848921,PhysA,S116,01,5,5,M,NA,NA,NA,NA,NA,NA,NA,NA,NA,NA,2083.3167,34.721945,0.2068100472893223
62752,PhysA-S116-01,1906,1553,0.8147953830010494,PhysA,S116,01,15,14,F,NA,NA,NA,NA,NA,NA,NA,NA,NA,NA,NA,NA,NA
62754,PhysA-S116-01,3882,2704,0.6965481710458526,PhysA,S116,01,10,NA,M,NA,NA,NA,NA,NA,NA,NA,NA,NA,NA,NA,NA,NA
64930,FrScA-T116-01,1834,1280,0.697928026172301,FrScA,T116,01,5,5,F,NA,NA,NA,NA,NA,NA,NA,NA,NA,NA,NA,NA,NA
65116,FrScA-S216-01,4248,3557,0.8373352165725048,FrScA,S216,01,597,542.95,F,NA,NA,NA,NA,NA,NA,NA,NA,NA,NA,NA,NA,NA
65627,AnPhA-S116-02,5244,3775,0.7198703279938978,AnPhA,S116,02,345,284.66,M,NA,NA,NA,NA,NA,NA,NA,NA,NA,NA,NA,NA,NA
66508,AnPhA-T116-01,1130,782,0.6920353982300885,AnPhA,T116,01,5,5,F,NA,NA,NA,NA,NA,NA,NA,NA,NA,NA,NA,NA,NA
66508,PhysA-T116-01,2581,2161,0.8372723750484309,PhysA,T116,01,545,376.98,M,NA,NA,NA,NA,NA,NA,NA,NA,NA,NA,NA,NA,NA
66689,FrScA-S216-01,3780,2900,0.7671957671957672,FrScA,S216,01,10,10,F,NA,NA,NA,NA,NA,NA,NA,NA,NA,NA,3022.5333,50.375555,0.910750444009095
66693,AnPhA-S116-01,1728,1368,0.7916666666666666,AnPhA,S116,01,5,5,M,NA,NA,NA,NA,NA,NA,NA,NA,NA,NA,2164.9001,36.08166833333333,0.26795659321041004
66740,OcnA-S116-01,4270,3014,0.7058548009367681,OcnA,S116,01,10,7,F,NA,NA,NA,NA,NA,NA,NA,NA,NA,NA,NA,NA,NA
66811,AnPhA-S116-01,3551,3093,0.8710222472542946,AnPhA,S116,01,10,5.88,F,NA,NA,NA,NA,NA,NA,NA,NA,NA,NA,NA,NA,NA
66862,AnPhA-S116-01,4560,3538,0.7758771929824562,AnPhA,S116,01,30,28.5,F,NA,NA,NA,NA,NA,NA,NA,NA,NA,NA,2668.183,44.46971666666666,0.6451658166081627
67013,AnPhA-S216-01,3713,2616,0.7045515755453811,AnPhA,S216,01,30,27.75,F,NA,NA,NA,NA,NA,NA,NA,NA,NA,NA,NA,NA,NA
67102,PhysA-S216-01,4288,3529,0.8229944029850746,PhysA,S216,01,280,266.5,M,NA,NA,NA,NA,NA,NA,NA,NA,NA,NA,NA,NA,NA
67463,FrScA-S216-01,2374,1234,0.5197978096040438,FrScA,S216,01,20,16,F,NA,NA,NA,NA,NA,NA,NA,NA,NA,NA,NA,NA,NA
67508,AnPhA-S116-01,3831,2889,0.7541111981205951,AnPhA,S116,01,438,413.05,F,NA,NA,NA,NA,NA,NA,NA,NA,NA,NA,3424.5662,57.076103333333336,1.2120730559820954
67762,FrScA-S116-02,2453,2011,0.8198124745209947,FrScA,S116,02,15,14,F,NA,NA,NA,NA,NA,NA,NA,NA,NA,NA,NA,NA,NA
67920,OcnA-S116-01,4614,3794,0.8222800173385348,OcnA,S116,01,10,NA,M,NA,NA,NA,NA,NA,NA,NA,NA,NA,NA,NA,NA,NA
68022,OcnA-S216-01,2486,1988,0.7996781979082864,OcnA,S216,01,10,8,F,NA,NA,NA,NA,NA,NA,NA,NA,NA,NA,NA,NA,NA
68188,FrScA-S116-01,3341,2032,0.6082011373840167,FrScA,S116,01,10,9,M,NA,NA,NA,NA,NA,NA,NA,NA,NA,NA,NA,NA,NA
68476,OcnA-S116-02,2754,2383,0.8652868554829339,OcnA,S116,02,30,28.88,F,NA,NA,NA,NA,NA,NA,NA,NA,NA,NA,NA,NA,NA
68598,BioA-S116-01,2426,2019,0.8322341302555647,BioA,S116,01,10,NA,M,NA,NA,NA,NA,NA,NA,NA,NA,NA,NA,NA,NA,NA
68768,FrScA-S116-02,2437,1689,0.6930652441526467,FrScA,S116,02,5,5,F,NA,NA,NA,NA,NA,NA,NA,NA,NA,NA,NA,NA,NA
68795,FrScA-S216-01,1766,1379,0.7808607021517554,FrScA,S216,01,10,10,F,NA,NA,NA,NA,NA,NA,NA,NA,NA,NA,2006.4003,33.440005,0.14916140571904277
69072,FrScA-S116-01,2314,1683,0.7273120138288678,FrScA,S116,01,345,247.5,F,NA,NA,NA,NA,NA,NA,NA,NA,NA,NA,NA,NA,NA
69182,FrScA-S216-01,2347,1824,0.7771623348956114,FrScA,S216,01,10,8,F,NA,NA,NA,NA,NA,NA,NA,NA,NA,NA,NA,NA,NA
69397,FrScA-S216-01,3422,3000,0.8766803039158387,FrScA,S216,01,10,6,F,NA,NA,NA,NA,NA,NA,NA,NA,NA,NA,2193.0833,36.55138833333333,0.28907982824355644
69544,FrScA-S216-04,3498,2768,0.7913093196112064,FrScA,S216,04,465,343.2,F,NA,NA,NA,NA,NA,NA,NA,NA,NA,NA,1133.4667,18.891111666666667,-0.5051000550494522
69743,AnPhA-S216-01,3051,2322,0.7610619469026548,AnPhA,S216,01,10,10,F,NA,NA,NA,NA,NA,NA,NA,NA,NA,NA,2938.4666,48.97444333333333,0.8477426712025645
69937,BioA-S116-01,1756,1270,0.7232346241457859,BioA,S116,01,5,5,M,NA,NA,NA,NA,NA,NA,NA,NA,NA,NA,1.2168,0.020280000000000003,-1.3537184076125595
70037,FrScA-S116-01,2076,1592,0.766859344894027,FrScA,S116,01,10,10,M,NA,NA,NA,NA,NA,NA,NA,NA,NA,NA,NA,NA,NA
70068,FrScA-S116-03,2303,1727,0.7498914459400782,FrScA,S116,03,10,10,F,NA,NA,NA,NA,NA,NA,NA,NA,NA,NA,NA,NA,NA
70187,PhysA-S216-01,2435,2055,0.8439425051334702,PhysA,S216,01,353,335,M,NA,NA,NA,NA,NA,NA,NA,NA,NA,NA,NA,NA,NA
70192,AnPhA-S116-02,4337,3556,0.8199216047959419,AnPhA,S116,02,10,10,F,NA,NA,NA,NA,NA,NA,NA,NA,NA,NA,NA,NA,NA
70408,BioA-S116-01,2284,1998,0.8747810858143608,BioA,S116,01,10,8.5,M,NA,NA,NA,NA,NA,NA,NA,NA,NA,NA,NA,NA,NA
70532,AnPhA-S116-01,3564,2912,0.8170594837261503,AnPhA,S116,01,60,NA,M,NA,NA,NA,NA,NA,NA,NA,NA,NA,NA,NA,NA,NA
70681,BioA-S116-01,4504,3831,0.8505772646536413,BioA,S116,01,5,NA,F,NA,NA,NA,NA,NA,NA,NA,NA,NA,NA,NA,NA,NA
71110,FrScA-S216-01,2814,2491,0.8852167732764747,FrScA,S216,01,10,10,F,NA,NA,NA,NA,NA,NA,NA,NA,NA,NA,1867.4169,31.123614999999997,0.044993709222342346
71415,FrScA-S216-01,1539,1328,0.8628979857050032,FrScA,S216,01,10,9.13,F,NA,NA,NA,NA,NA,NA,NA,NA,NA,NA,1341.7002,22.36167,-0.34902958887546554
71434,BioA-S116-01,6715,5508,0.8202531645569621,BioA,S116,01,5,NA,F,NA,NA,NA,NA,NA,NA,NA,NA,NA,NA,NA,NA,NA
71725,AnPhA-S216-01,3380,2837,0.8393491124260355,AnPhA,S216,01,5,2,M,NA,NA,NA,NA,NA,NA,NA,NA,NA,NA,7084.7003,118.07833833333333,3.955334035825901
72287,FrScA-T116-01,2697,2199,0.8153503893214683,FrScA,T116,01,597,393.08,M,NA,NA,NA,NA,NA,NA,NA,NA,NA,NA,NA,NA,NA
73132,FrScA-S116-03,1175,955,0.8127659574468085,FrScA,S116,03,10,5.5,F,NA,NA,NA,NA,NA,NA,NA,NA,NA,NA,NA,NA,NA
74551,PhysA-S116-01,2729,2057,0.7537559545621106,PhysA,S116,01,10,4.38,F,NA,NA,NA,NA,NA,NA,NA,NA,NA,NA,NA,NA,NA
74552,AnPhA-S216-02,4694,3974,0.8466126970600767,AnPhA,S216,02,15,12,M,NA,NA,NA,NA,NA,NA,NA,NA,NA,NA,NA,NA,NA
76132,AnPhA-T116-01,2815,2073,0.7364120781527531,AnPhA,T116,01,30,27,F,NA,NA,NA,NA,NA,NA,NA,NA,NA,NA,NA,NA,NA
76133,PhysA-S116-01,2519,2185,0.8674077014688368,PhysA,S116,01,20,20,F,NA,NA,NA,NA,NA,NA,NA,NA,NA,NA,1062.8665,17.71444166666667,-0.5580147211621415
76426,PhysA-S116-01,2571,2078,0.8082458187475691,PhysA,S116,01,10,10,F,NA,NA,NA,NA,NA,NA,NA,NA,NA,NA,NA,NA,NA
76443,OcnA-S216-01,5728,4900,0.8554469273743017,OcnA,S216,01,10,7.3,F,NA,NA,NA,NA,NA,NA,NA,NA,NA,NA,NA,NA,NA
76673,AnPhA-S216-01,2871,1698,0.5914315569487983,AnPhA,S216,01,403,274.77,F,NA,NA,NA,NA,NA,NA,NA,NA,NA,NA,1537.1834,25.619723333333333,-0.2025154393597409
76674,AnPhA-S216-01,3164,2478,0.7831858407079646,AnPhA,S216,01,5,4,F,NA,NA,NA,NA,NA,NA,NA,NA,NA,NA,NA,NA,NA
76840,AnPhA-S216-01,3930,3293,0.8379134860050891,AnPhA,S216,01,10,10,F,NA,NA,NA,NA,NA,NA,NA,NA,NA,NA,NA,NA,NA
76840,FrScA-S116-01,1735,1445,0.8328530259365994,FrScA,S116,01,5,5,F,NA,NA,NA,NA,NA,NA,NA,NA,NA,NA,2634.6832,43.911386666666665,0.6200578037152549
76891,OcnA-S116-01,3775,3094,0.8196026490066225,OcnA,S116,01,10,10,F,NA,NA,NA,NA,NA,NA,NA,NA,NA,NA,NA,NA,NA
76930,AnPhA-S116-02,4591,2734,0.5955129601394031,AnPhA,S116,02,5,4,M,NA,NA,NA,NA,NA,NA,NA,NA,NA,NA,NA,NA,NA
76998,AnPhA-S216-01,2189,1852,0.8460484239378712,AnPhA,S216,01,10,7.5,F,NA,NA,NA,NA,NA,NA,NA,NA,NA,NA,NA,NA,NA
77010,AnPhA-S116-01,7233,5348,0.7393889119314254,AnPhA,S116,01,10,NA,M,NA,NA,NA,NA,NA,NA,NA,NA,NA,NA,NA,NA,NA
77067,FrScA-S216-02,2104,1723,0.8189163498098859,FrScA,S216,02,10,NA,F,NA,NA,NA,NA,NA,NA,NA,NA,NA,NA,NA,NA,NA
77141,FrScA-S216-02,3423,2937,0.8580192813321648,FrScA,S216,02,28,26,M,NA,NA,NA,NA,NA,NA,NA,NA,NA,NA,NA,NA,NA
77169,BioA-S116-01,2276,2058,0.9042179261862917,BioA,S116,01,30,27,F,NA,NA,NA,NA,NA,NA,NA,NA,NA,NA,NA,NA,NA
77190,FrScA-S216-01,2634,1534,0.5823842065299925,FrScA,S216,01,10,9,F,NA,NA,NA,NA,NA,NA,NA,NA,NA,NA,NA,NA,NA
77246,FrScA-S116-01,4235,2814,0.6644628099173554,FrScA,S116,01,10,9,F,NA,NA,NA,NA,NA,NA,NA,NA,NA,NA,NA,NA,NA
77298,FrScA-S116-02,2654,1496,0.5636774679728711,FrScA,S116,02,10,10,M,NA,NA,NA,NA,NA,NA,NA,NA,NA,NA,NA,NA,NA
77976,FrScA-S116-03,4037,3458,0.856576665840971,FrScA,S116,03,10,9,F,NA,NA,NA,NA,NA,NA,NA,NA,NA,NA,NA,NA,NA
77980,FrScA-S216-02,2516,1921,0.7635135135135135,FrScA,S216,02,220,194.64,M,NA,NA,NA,NA,NA,NA,NA,NA,NA,NA,NA,NA,NA
78000,FrScA-S216-01,3077,2560,0.831979200519987,FrScA,S216,01,220,102.82,F,NA,NA,NA,NA,NA,NA,NA,NA,NA,NA,1341.7002,22.36167,-0.34902958887546554
78002,OcnA-S216-02,3358,2432,0.7242406194163192,OcnA,S216,02,10,10,F,NA,NA,NA,NA,NA,NA,NA,NA,NA,NA,NA,NA,NA
78153,PhysA-S216-01,2230,1273,0.5708520179372197,PhysA,S216,01,30,30,F,NA,NA,NA,NA,NA,NA,NA,NA,NA,NA,NA,NA,NA
78164,AnPhA-S216-01,1802,1388,0.7702552719200888,AnPhA,S216,01,10,10,F,NA,NA,NA,NA,NA,NA,NA,NA,NA,NA,NA,NA,NA
78241,OcnA-S216-02,4944,3571,0.7222896440129449,OcnA,S216,02,15,15,F,NA,NA,NA,NA,NA,NA,NA,NA,NA,NA,NA,NA,NA
78691,FrScA-S116-03,3567,1930,0.5410709279506588,FrScA,S116,03,10,6,M,NA,NA,NA,NA,NA,NA,NA,NA,NA,NA,NA,NA,NA
79128,PhysA-S116-01,2928,2465,0.8418715846994536,PhysA,S116,01,10,6,F,NA,NA,NA,NA,NA,NA,NA,NA,NA,NA,850.7329,14.178881666666665,-0.7170083021333398
79220,AnPhA-S116-02,2170,1704,0.7852534562211981,AnPhA,S116,02,10,8,F,NA,NA,NA,NA,NA,NA,NA,NA,NA,NA,NA,NA,NA
79352,PhysA-S116-01,3164,1720,0.5436156763590392,PhysA,S116,01,10,10,F,NA,NA,NA,NA,NA,NA,NA,NA,NA,NA,NA,NA,NA
79596,PhysA-S116-01,2031,1549,0.7626784835056623,PhysA,S116,01,5,5,F,NA,NA,NA,NA,NA,NA,NA,NA,NA,NA,919.5,15.325,-0.665467539698702
79859,AnPhA-T116-01,4133,3179,0.769174933462376,AnPhA,T116,01,15,15,F,NA,NA,NA,NA,NA,NA,NA,NA,NA,NA,NA,NA,NA
79893,OcnA-T116-01,3168,2477,0.7818813131313131,OcnA,T116,01,10,10,F,NA,NA,NA,NA,NA,NA,NA,NA,NA,NA,NA,NA,NA
80822,OcnA-S216-01,4918,3443,0.7000813338755592,OcnA,S216,01,10,9,F,NA,NA,NA,NA,NA,NA,NA,NA,NA,NA,NA,NA,NA
84632,PhysA-T116-01,3936,2512,0.6382113821138211,PhysA,T116,01,10,NA,F,NA,NA,NA,NA,NA,NA,NA,NA,NA,NA,NA,NA,NA
84640,AnPhA-T116-01,3300,2494,0.7557575757575757,AnPhA,T116,01,10,7.375,F,NA,NA,NA,NA,NA,NA,NA,NA,NA,NA,NA,NA,NA
84641,AnPhA-T116-01,2978,2183,0.7330423102753526,AnPhA,T116,01,10,5,M,NA,NA,NA,NA,NA,NA,NA,NA,NA,NA,NA,NA,NA
84645,OcnA-T116-01,3349,3042,0.9083308450283667,OcnA,T116,01,10,10,F,NA,NA,NA,NA,NA,NA,NA,NA,NA,NA,NA,NA,NA
84684,OcnA-T116-01,4144,3279,0.7912644787644788,OcnA,T116,01,10,8,M,NA,NA,NA,NA,NA,NA,NA,NA,NA,NA,NA,NA,NA
84685,OcnA-T116-01,2875,2403,0.8358260869565217,OcnA,T116,01,105,103.51,F,NA,NA,NA,NA,NA,NA,NA,NA,NA,NA,NA,NA,NA
84749,AnPhA-T116-01,3398,2580,0.75927015891701,AnPhA,T116,01,10,10,F,NA,NA,NA,NA,NA,NA,NA,NA,NA,NA,100.3334,1.6722233333333334,-1.279430773934114
84757,AnPhA-T116-01,3262,2824,0.8657265481299816,AnPhA,T116,01,30,30,F,NA,NA,NA,NA,NA,NA,NA,NA,NA,NA,NA,NA,NA
84794,BioA-T116-01,2092,1742,0.8326959847036329,BioA,T116,01,10,5,F,NA,NA,NA,NA,NA,NA,NA,NA,NA,NA,NA,NA,NA
84932,OcnA-S216-01,4940,4244,0.8591093117408907,OcnA,S216,01,10,10,F,NA,NA,NA,NA,NA,NA,NA,NA,NA,NA,NA,NA,NA
85123,FrScA-S216-01,3169,2670,0.8425370779425686,FrScA,S216,01,615,562.5,F,NA,NA,NA,NA,NA,NA,NA,NA,NA,NA,1366.5835,22.776391666666665,-0.33037962030197876
85248,AnPhA-S216-01,2696,2177,0.8074925816023739,AnPhA,S216,01,5,5,M,NA,NA,NA,NA,NA,NA,NA,NA,NA,NA,NA,NA,NA
85249,AnPhA-S116-01,2642,1846,0.6987130961392884,AnPhA,S116,01,10,9,F,NA,NA,NA,NA,NA,NA,NA,NA,NA,NA,NA,NA,NA
85258,FrScA-S116-02,2814,1825,0.648542999289268,FrScA,S116,02,10,10,F,NA,NA,NA,NA,NA,NA,NA,NA,NA,NA,NA,NA,NA
85258,FrScA-S216-01,2897,2283,0.7880566102865033,FrScA,S216,01,10,10,F,NA,NA,NA,NA,NA,NA,NA,NA,NA,NA,NA,NA,NA
85287,FrScA-S216-01,2576,2107,0.8179347826086957,FrScA,S216,01,10,9,F,NA,NA,NA,NA,NA,NA,NA,NA,NA,NA,NA,NA,NA
85292,BioA-S116-01,2810,2069,0.7362989323843416,BioA,S116,01,625,469.56,F,NA,NA,NA,NA,NA,NA,NA,NA,NA,NA,NA,NA,NA
85323,FrScA-S116-01,4620,3915,0.8474025974025974,FrScA,S116,01,10,7.5,F,NA,NA,NA,NA,NA,NA,NA,NA,NA,NA,NA,NA,NA
85348,FrScA-S216-03,4254,3677,0.8643629525152797,FrScA,S216,03,12,4.68,M,NA,NA,NA,NA,NA,NA,NA,NA,NA,NA,264.2002,4.403336666666666,-1.1566130339141871
85355,OcnA-S116-01,3392,2754,0.8119103773584906,OcnA,S116,01,15,15,F,NA,NA,NA,NA,NA,NA,NA,NA,NA,NA,NA,NA,NA
85390,PhysA-S116-01,1887,1485,0.7869634340222575,PhysA,S116,01,20,20,F,NA,NA,NA,NA,NA,NA,NA,NA,NA,NA,NA,NA,NA
85410,OcnA-S116-02,6901,5401,0.782640197072888,OcnA,S116,02,625,576.21833,F,NA,NA,NA,NA,NA,NA,NA,NA,NA,NA,NA,NA,NA
85411,AnPhA-S116-01,3098,2521,0.8137508069722401,AnPhA,S116,01,30,26.63,F,NA,NA,NA,NA,NA,NA,NA,NA,NA,NA,NA,NA,NA
85416,FrScA-S116-01,4016,3193,0.7950697211155379,FrScA,S116,01,10,10,M,NA,NA,NA,NA,NA,NA,NA,NA,NA,NA,NA,NA,NA
85431,FrScA-S116-01,1176,974,0.8282312925170068,FrScA,S116,01,30,28,F,NA,NA,NA,NA,NA,NA,NA,NA,NA,NA,2689.1334,44.81889,0.6608680868698233
85432,FrScA-S116-01,2416,944,0.39072847682119205,FrScA,S116,01,30,24,F,NA,NA,NA,NA,NA,NA,NA,NA,NA,NA,1564.633,26.07721666666667,-0.18194203561687777
85433,FrScA-S116-01,3208,2426,0.7562344139650873,FrScA,S116,01,30,28.88,F,NA,NA,NA,NA,NA,NA,NA,NA,NA,NA,2948.6174,49.14362333333334,0.8553506693778767
85443,FrScA-S116-01,1965,1562,0.794910941475827,FrScA,S116,01,30,25,F,NA,NA,NA,NA,NA,NA,NA,NA,NA,NA,NA,NA,NA
85482,OcnA-S116-02,4318,3474,0.8045391384900417,OcnA,S116,02,10,10,M,NA,NA,NA,NA,NA,NA,NA,NA,NA,NA,NA,NA,NA
85487,OcnA-S116-02,5883,4866,0.827129015808261,OcnA,S116,02,10,5.5,F,NA,NA,NA,NA,NA,NA,NA,NA,NA,NA,NA,NA,NA
85522,PhysA-S116-01,1847,1218,0.6594477531131565,PhysA,S116,01,5,5,F,NA,NA,NA,NA,NA,NA,NA,NA,NA,NA,NA,NA,NA
85539,FrScA-S116-01,2604,2284,0.8771121351766513,FrScA,S116,01,5,5,F,NA,NA,NA,NA,NA,NA,NA,NA,NA,NA,NA,NA,NA
85567,FrScA-S116-02,6404,4721,0.7371955028107433,FrScA,S116,02,10,10,F,NA,NA,NA,NA,NA,NA,NA,NA,NA,NA,NA,NA,NA
85573,FrScA-S116-03,5326,4396,0.8253849042433345,FrScA,S116,03,10,NA,M,NA,NA,NA,NA,NA,NA,NA,NA,NA,NA,NA,NA,NA
85574,FrScA-S116-03,1671,1229,0.7354877318970676,FrScA,S116,03,5,5,F,NA,NA,NA,NA,NA,NA,NA,NA,NA,NA,NA,NA,NA
85579,FrScA-S116-01,2017,1431,0.7094695091720377,FrScA,S116,01,10,10,F,NA,NA,NA,NA,NA,NA,NA,NA,NA,NA,NA,NA,NA
85583,AnPhA-S116-01,4104,3237,0.7887426900584795,AnPhA,S116,01,30,30,F,NA,NA,NA,NA,NA,NA,NA,NA,NA,NA,NA,NA,NA
85583,FrScA-S216-01,4141,3481,0.8406182081622796,FrScA,S216,01,24,NA,F,NA,NA,NA,NA,NA,NA,NA,NA,NA,NA,NA,NA,NA
85642,FrScA-S216-01,2884,1789,0.6203190013869625,FrScA,S216,01,10,NA,F,NA,NA,NA,NA,NA,NA,NA,NA,NA,NA,NA,NA,NA
85644,FrScA-S216-01,2903,2152,0.7413021012745435,FrScA,S216,01,30,30,F,NA,NA,NA,NA,NA,NA,NA,NA,NA,NA,NA,NA,NA
85644,OcnA-S116-01,5540,4327,0.7810469314079422,OcnA,S116,01,10,7,F,NA,NA,NA,NA,NA,NA,NA,NA,NA,NA,1272.3172,21.205286666666666,-0.40103196675678493
85649,FrScA-S116-01,1173,916,0.7809036658141517,FrScA,S116,01,10,10,M,NA,NA,NA,NA,NA,NA,NA,NA,NA,NA,NA,NA,NA
85650,FrScA-S116-01,2839,2208,0.7777386403663261,FrScA,S116,01,10,10,M,NA,NA,NA,NA,NA,NA,NA,NA,NA,NA,NA,NA,NA
85651,FrScA-S116-01,4366,3506,0.8030233623453963,FrScA,S116,01,10,10,F,NA,NA,NA,NA,NA,NA,NA,NA,NA,NA,107.8999,1.7983316666666667,-1.2737597018813198
85659,FrScA-S116-01,6546,5528,0.8444851817904063,FrScA,S116,01,5,5,M,NA,NA,NA,NA,NA,NA,NA,NA,NA,NA,4046.6159,67.44359833333333,1.6782976868046504
85659,FrScA-S216-01,2923,2065,0.7064659596305166,FrScA,S216,01,80,64.5,F,NA,NA,NA,NA,NA,NA,NA,NA,NA,NA,NA,NA,NA
85661,FrScA-S116-02,3905,3363,0.8612035851472472,FrScA,S116,02,720,647,F,NA,NA,NA,NA,NA,NA,NA,NA,NA,NA,NA,NA,NA
85662,FrScA-S116-01,2254,1363,0.6047027506654836,FrScA,S116,01,30,18.6,M,NA,NA,NA,NA,NA,NA,NA,NA,NA,NA,NA,NA,NA
85663,FrScA-S116-01,4068,2492,0.6125860373647984,FrScA,S116,01,10,10,M,NA,NA,NA,NA,NA,NA,NA,NA,NA,NA,379.1335,6.3188916666666675,-1.07047082475997
85665,FrScA-S116-01,3100,2660,0.8580645161290322,FrScA,S116,01,5,5,M,NA,NA,NA,NA,NA,NA,NA,NA,NA,NA,NA,NA,NA
85668,FrScA-S116-01,2611,1922,0.7361164304864036,FrScA,S116,01,15,15,F,NA,NA,NA,NA,NA,NA,NA,NA,NA,NA,4046.6159,67.44359833333333,1.6782976868046504
85698,FrScA-S116-02,2297,1927,0.8389203308663474,FrScA,S116,02,10,8,F,NA,NA,NA,NA,NA,NA,NA,NA,NA,NA,NA,NA,NA
85700,FrScA-S116-03,2727,2156,0.7906123945727906,FrScA,S116,03,5,NA,M,NA,NA,NA,NA,NA,NA,NA,NA,NA,NA,NA,NA,NA
85701,FrScA-S116-03,2718,2173,0.7994849153789552,FrScA,S116,03,30,13.87,F,NA,NA,NA,NA,NA,NA,NA,NA,NA,NA,NA,NA,NA
85702,FrScA-S116-03,3990,3207,0.8037593984962406,FrScA,S116,03,10,10,F,NA,NA,NA,NA,NA,NA,NA,NA,NA,NA,NA,NA,NA
85704,FrScA-S116-03,1781,1522,0.8545760808534532,FrScA,S116,03,30,16.35,F,NA,NA,NA,NA,NA,NA,NA,NA,NA,NA,NA,NA,NA
85791,FrScA-S116-01,3560,3128,0.8786516853932584,FrScA,S116,01,10,6,F,NA,NA,NA,NA,NA,NA,NA,NA,NA,NA,1687.3165,28.121941666666665,-0.08999107173807695
85792,FrScA-S116-01,2637,1799,0.6822146378460372,FrScA,S116,01,10,10,F,NA,NA,NA,NA,NA,NA,NA,NA,NA,NA,1461.8332,24.363886666666666,-0.25899021810717154
85796,FrScA-S216-01,3446,1984,0.575739988392339,FrScA,S216,01,30,14.25,F,NA,NA,NA,NA,NA,NA,NA,NA,NA,NA,NA,NA,NA
85865,AnPhA-S116-01,3382,2100,0.6209343583678297,AnPhA,S116,01,5,5,F,NA,NA,NA,NA,NA,NA,NA,NA,NA,NA,NA,NA,NA
85866,AnPhA-S116-01,2248,1812,0.806049822064057,AnPhA,S116,01,5,NA,F,NA,NA,NA,NA,NA,NA,NA,NA,NA,NA,NA,NA,NA
85867,FrScA-S216-04,2564,2141,0.8350234009360374,FrScA,S216,04,443,378.5,F,NA,NA,NA,NA,NA,NA,NA,NA,NA,NA,NA,NA,NA
85889,BioA-S116-01,2619,2134,0.8148148148148148,BioA,S116,01,10,9,F,NA,NA,NA,NA,NA,NA,NA,NA,NA,NA,NA,NA,NA
85891,FrScA-S116-03,2824,2318,0.8208215297450425,FrScA,S116,03,10,9,F,NA,NA,NA,NA,NA,NA,NA,NA,NA,NA,NA,NA,NA
85929,FrScA-S116-01,1915,1734,0.9054830287206266,FrScA,S116,01,10,10,M,NA,NA,NA,NA,NA,NA,NA,NA,NA,NA,NA,NA,NA
85930,FrScA-S116-01,2685,2229,0.8301675977653631,FrScA,S116,01,30,24,M,NA,NA,NA,NA,NA,NA,NA,NA,NA,NA,NA,NA,NA
85953,PhysA-S116-01,2250,1746,0.776,PhysA,S116,01,24,18,F,NA,NA,NA,NA,NA,NA,NA,NA,NA,NA,NA,NA,NA
85962,PhysA-S116-01,2954,2017,0.6828029790115098,PhysA,S116,01,5,4,F,NA,NA,NA,NA,NA,NA,NA,NA,NA,NA,NA,NA,NA
85970,AnPhA-S116-01,3872,3155,0.8148243801652892,AnPhA,S116,01,5,5,M,NA,NA,NA,NA,NA,NA,NA,NA,NA,NA,610.8334,10.180556666666666,-0.8968123528740051
86002,FrScA-S216-04,2892,2116,0.7316735822959889,FrScA,S216,04,597,564.85,F,NA,NA,NA,NA,NA,NA,NA,NA,NA,NA,1133.4667,18.891111666666667,-0.5051000550494522
86067,BioA-S116-01,1710,1351,0.7900584795321638,BioA,S116,01,10,NA,F,NA,NA,NA,NA,NA,NA,NA,NA,NA,NA,NA,NA,NA
86072,AnPhA-S116-01,6090,4678,0.768144499178982,AnPhA,S116,01,30,25,F,NA,NA,NA,NA,NA,NA,NA,NA,NA,NA,NA,NA,NA
86105,FrScA-S116-01,2556,2158,0.8442879499217527,FrScA,S116,01,421,399,F,NA,NA,NA,NA,NA,NA,NA,NA,NA,NA,NA,NA,NA
86110,BioA-S116-01,5727,4596,0.8025144054478784,BioA,S116,01,10,4,M,NA,NA,NA,NA,NA,NA,NA,NA,NA,NA,NA,NA,NA
86113,BioA-S116-01,3877,3285,0.8473046169718855,BioA,S116,01,10,10,F,NA,NA,NA,NA,NA,NA,NA,NA,NA,NA,NA,NA,NA
86119,AnPhA-S116-01,3253,2742,0.8429142330156778,AnPhA,S116,01,30,NA,F,NA,NA,NA,NA,NA,NA,NA,NA,NA,NA,NA,NA,NA
86130,BioA-S116-01,4374,3464,0.791952446273434,BioA,S116,01,10,10,F,NA,NA,NA,NA,NA,NA,NA,NA,NA,NA,NA,NA,NA
86133,OcnA-S116-02,2922,2300,0.7871321013004792,OcnA,S116,02,535,447.97333,F,NA,NA,NA,NA,NA,NA,NA,NA,NA,NA,NA,NA,NA
86202,BioA-S116-01,2040,1649,0.8083333333333333,BioA,S116,01,10,10,M,NA,NA,NA,NA,NA,NA,NA,NA,NA,NA,63.6837,1.061395,-1.3068996286771632
86216,BioA-S116-01,7110,5568,0.7831223628691983,BioA,S116,01,75,65,F,NA,NA,NA,NA,NA,NA,NA,NA,NA,NA,1391.0673,23.184455,-0.3120290759385087
86229,FrScA-S216-01,2791,1846,0.6614116804012898,FrScA,S216,01,15,13,F,NA,NA,NA,NA,NA,NA,NA,NA,NA,NA,NA,NA,NA
86240,OcnA-S216-01,3789,2316,0.611243072050673,OcnA,S216,01,24,16,F,NA,NA,NA,NA,NA,NA,NA,NA,NA,NA,NA,NA,NA
86251,FrScA-S216-01,3598,2967,0.8246247915508615,FrScA,S216,01,5,5,M,NA,NA,NA,NA,NA,NA,NA,NA,NA,NA,NA,NA,NA
86267,AnPhA-S116-01,3524,2774,0.7871736662883088,AnPhA,S116,01,10,8,F,NA,NA,NA,NA,NA,NA,NA,NA,NA,NA,610.8334,10.180556666666666,-0.8968123528740051
86268,AnPhA-S216-01,3804,3378,0.88801261829653,AnPhA,S216,01,10,7.66667,F,NA,NA,NA,NA,NA,NA,NA,NA,NA,NA,NA,NA,NA
86271,FrScA-S116-01,5041,4173,0.8278119420749851,FrScA,S116,01,5,5,M,NA,NA,NA,NA,NA,NA,NA,NA,NA,NA,NA,NA,NA
86275,AnPhA-S116-01,2784,2081,0.7474856321839081,AnPhA,S116,01,5,5,F,NA,NA,NA,NA,NA,NA,NA,NA,NA,NA,7003.0005,116.716675,3.894100248407827
86277,AnPhA-S116-01,2503,2097,0.8377946464242908,AnPhA,S116,01,10,10,M,NA,NA,NA,NA,NA,NA,NA,NA,NA,NA,2527.6997,42.128328333333336,0.5398739489660206
86280,FrScA-S116-01,3377,2432,0.7201658276576843,FrScA,S116,01,625,545.58,F,NA,NA,NA,NA,NA,NA,NA,NA,NA,NA,NA,NA,NA
86286,AnPhA-S116-01,4688,3888,0.8293515358361775,AnPhA,S116,01,5,9,F,NA,NA,NA,NA,NA,NA,NA,NA,NA,NA,1601.1335,26.685558333333333,-0.15458500588542928
86294,AnPhA-S116-01,3325,2580,0.7759398496240602,AnPhA,S116,01,30,21,F,NA,NA,NA,NA,NA,NA,NA,NA,NA,NA,NA,NA,NA
86296,OcnA-S216-01,3637,2584,0.7104756667583173,OcnA,S216,01,5,3,M,NA,NA,NA,NA,NA,NA,NA,NA,NA,NA,NA,NA,NA
86309,FrScA-S116-03,5027,3613,0.7187189178436443,FrScA,S116,03,10,10,M,NA,NA,NA,NA,NA,NA,NA,NA,NA,NA,NA,NA,NA
86314,AnPhA-S116-02,2440,1986,0.8139344262295082,AnPhA,S116,02,10,7.75,F,NA,NA,NA,NA,NA,NA,NA,NA,NA,NA,NA,NA,NA
86339,FrScA-S116-01,3272,2266,0.6925427872860636,FrScA,S116,01,5,3,F,NA,NA,NA,NA,NA,NA,NA,NA,NA,NA,NA,NA,NA
86340,FrScA-S116-01,4012,2903,0.7235792622133599,FrScA,S116,01,10,10,F,NA,NA,NA,NA,NA,NA,NA,NA,NA,NA,1274.8167,21.246945,-0.39915859801351405
86340,OcnA-S216-01,4284,3291,0.7682072829131653,OcnA,S216,01,50,44,M,NA,NA,NA,NA,NA,NA,NA,NA,NA,NA,1581.7665,26.362775,-0.16910052196901618
86349,FrScA-S216-01,3599,3243,0.901083634342873,FrScA,S216,01,15,12,F,NA,NA,NA,NA,NA,NA,NA,NA,NA,NA,NA,NA,NA
86349,OcnA-S116-01,4232,3862,0.9125708884688091,OcnA,S116,01,10,10,M,NA,NA,NA,NA,NA,NA,NA,NA,NA,NA,NA,NA,NA
86353,PhysA-S116-01,2891,2382,0.8239363542026981,PhysA,S116,01,10,10,F,NA,NA,NA,NA,NA,NA,NA,NA,NA,NA,NA,NA,NA
86364,FrScA-S116-01,2014,1670,0.8291956305858987,FrScA,S116,01,10,10,F,NA,NA,NA,NA,NA,NA,NA,NA,NA,NA,NA,NA,NA
86365,FrScA-S116-01,1308,941,0.7194189602446484,FrScA,S116,01,5,5,F,NA,NA,NA,NA,NA,NA,NA,NA,NA,NA,NA,NA,NA
86429,AnPhA-S116-01,2634,2310,0.876993166287016,AnPhA,S116,01,15,14,F,NA,NA,NA,NA,NA,NA,NA,NA,NA,NA,7003.0005,116.716675,3.894100248407827
86432,AnPhA-S116-01,3244,2339,0.721023427866831,AnPhA,S116,01,10,9,F,NA,NA,NA,NA,NA,NA,NA,NA,NA,NA,NA,NA,NA
86446,AnPhA-S116-01,3624,2706,0.7466887417218543,AnPhA,S116,01,10,8,M,NA,NA,NA,NA,NA,NA,NA,NA,NA,NA,2527.6997,42.128328333333336,0.5398739489660206
86451,AnPhA-S116-01,2650,2256,0.8513207547169811,AnPhA,S116,01,15,8,M,NA,NA,NA,NA,NA,NA,NA,NA,NA,NA,3030.1667,50.50277833333334,0.9164716574377342
86455,FrScA-S116-01,2523,2170,0.8600871977804201,FrScA,S116,01,30,28.88,F,NA,NA,NA,NA,NA,NA,NA,NA,NA,NA,NA,NA,NA
86455,OcnA-S216-01,3477,2313,0.6652286453839517,OcnA,S216,01,140,94.05,F,NA,NA,NA,NA,NA,NA,NA,NA,NA,NA,NA,NA,NA
86460,OcnA-S116-01,4838,3408,0.7044233154195949,OcnA,S116,01,15,15,F,NA,NA,NA,NA,NA,NA,NA,NA,NA,NA,NA,NA,NA
86476,AnPhA-S116-01,4836,3746,0.7746071133167908,AnPhA,S116,01,30,NA,F,NA,NA,NA,NA,NA,NA,NA,NA,NA,NA,NA,NA,NA
86476,FrScA-S116-01,1821,1426,0.7830862163646348,FrScA,S116,01,10,10,M,NA,NA,NA,NA,NA,NA,NA,NA,NA,NA,NA,NA,NA
86479,AnPhA-S116-01,1544,935,0.6055699481865285,AnPhA,S116,01,5,NA,M,NA,NA,NA,NA,NA,NA,NA,NA,NA,NA,NA,NA,NA
86484,AnPhA-S116-01,3365,2188,0.650222882615156,AnPhA,S116,01,30,26,F,NA,NA,NA,NA,NA,NA,NA,NA,NA,NA,NA,NA,NA
86488,AnPhA-S116-01,2902,1794,0.6181943487250172,AnPhA,S116,01,24,14,M,NA,NA,NA,NA,NA,NA,NA,NA,NA,NA,NA,NA,NA
86490,FrScA-S216-01,2602,2075,0.7974634896233667,FrScA,S216,01,5,5,F,NA,NA,NA,NA,NA,NA,NA,NA,NA,NA,NA,NA,NA
86492,AnPhA-S116-01,2080,1515,0.7283653846153846,AnPhA,S116,01,15,NA,F,NA,NA,NA,NA,NA,NA,NA,NA,NA,NA,535.8334,8.930556666666666,-0.9530246576330808
86504,AnPhA-S116-01,2435,1946,0.7991786447638604,AnPhA,S116,01,10,NA,F,NA,NA,NA,NA,NA,NA,NA,NA,NA,NA,NA,NA,NA
86515,FrScA-S216-01,1293,989,0.7648878576952823,FrScA,S216,01,5,4,M,NA,NA,NA,NA,NA,NA,NA,NA,NA,NA,NA,NA,NA
86527,OcnA-S216-01,3587,2462,0.6863674379704489,OcnA,S216,01,5,5,M,NA,NA,NA,NA,NA,NA,NA,NA,NA,NA,NA,NA,NA
86543,FrScA-S116-01,1646,1274,0.7739975698663426,FrScA,S116,01,10,NA,M,NA,NA,NA,NA,NA,NA,NA,NA,NA,NA,NA,NA,NA
86580,BioA-S116-01,5073,3824,0.7537945988566923,BioA,S116,01,30,23,M,NA,NA,NA,NA,NA,NA,NA,NA,NA,NA,NA,NA,NA
86588,AnPhA-S116-01,5665,4877,0.8609002647837599,AnPhA,S116,01,5,5,F,NA,NA,NA,NA,NA,NA,NA,NA,NA,NA,535.8334,8.930556666666666,-0.9530246576330808
86608,AnPhA-S116-01,3502,2783,0.7946887492861222,AnPhA,S116,01,55,55,F,NA,NA,NA,NA,NA,NA,NA,NA,NA,NA,1551.3498,25.85583,-0.1918977594378879
86618,FrScA-S116-03,2260,1849,0.8181415929203539,FrScA,S116,03,10,4,F,NA,NA,NA,NA,NA,NA,NA,NA,NA,NA,NA,NA,NA
86627,FrScA-S116-02,1385,1014,0.7321299638989169,FrScA,S116,02,10,10,F,NA,NA,NA,NA,NA,NA,NA,NA,NA,NA,NA,NA,NA
86679,FrScA-S116-01,3011,2100,0.697442710063102,FrScA,S116,01,15,15,F,NA,NA,NA,NA,NA,NA,NA,NA,NA,NA,1616.3337,26.938895,-0.14319249555477723
86689,OcnA-S116-02,4196,3478,0.8288846520495711,OcnA,S116,02,5,5,M,NA,NA,NA,NA,NA,NA,NA,NA,NA,NA,NA,NA,NA
86697,OcnA-S216-02,2887,2265,0.7845514374783512,OcnA,S216,02,15,10,F,NA,NA,NA,NA,NA,NA,NA,NA,NA,NA,NA,NA,NA
86707,AnPhA-S116-02,3727,2352,0.6310705661389858,AnPhA,S116,02,10,9,F,NA,NA,NA,NA,NA,NA,NA,NA,NA,NA,NA,NA,NA
86709,FrScA-S116-01,2742,2254,0.8220277169948942,FrScA,S116,01,438,383.5,F,NA,NA,NA,NA,NA,NA,NA,NA,NA,NA,NA,NA,NA
86758,OcnA-S116-01,4696,3346,0.7125212947189097,OcnA,S116,01,30,NA,F,NA,NA,NA,NA,NA,NA,NA,NA,NA,NA,NA,NA,NA
86792,FrScA-S116-01,1991,1776,0.8920140632847815,FrScA,S116,01,10,NA,F,NA,NA,NA,NA,NA,NA,NA,NA,NA,NA,NA,NA,NA
86793,FrScA-S116-01,3276,2325,0.7097069597069597,FrScA,S116,01,10,8,F,NA,NA,NA,NA,NA,NA,NA,NA,NA,NA,NA,NA,NA
86794,FrScA-S116-01,3875,3507,0.9050322580645161,FrScA,S116,01,30,30,F,NA,NA,NA,NA,NA,NA,NA,NA,NA,NA,NA,NA,NA
86803,FrScA-S116-01,2966,2350,0.7923128792987189,FrScA,S116,01,10,NA,M,NA,NA,NA,NA,NA,NA,NA,NA,NA,NA,NA,NA,NA
86815,FrScA-S116-01,2581,1960,0.7593955831073227,FrScA,S116,01,15,7,M,NA,NA,NA,NA,NA,NA,NA,NA,NA,NA,1666.7332,27.778886666666665,-0.10541820150537673
86836,FrScA-S216-01,4318,3274,0.7582213987957388,FrScA,S216,01,930,927.75,F,NA,NA,NA,NA,NA,NA,NA,NA,NA,NA,NA,NA,NA
86836,OcnA-S116-01,4609,3989,0.8654805814710349,OcnA,S116,01,25,22,F,NA,NA,NA,NA,NA,NA,NA,NA,NA,NA,46.6833,0.778055,-1.3196413842215124
86882,FrScA-S116-03,2855,2635,0.9229422066549913,FrScA,S116,03,55,52,M,NA,NA,NA,NA,NA,NA,NA,NA,NA,NA,2420.5994,40.34332333333334,0.45960255292084135
86942,AnPhA-S216-01,1617,726,0.4489795918367347,AnPhA,S216,01,20,NA,F,NA,NA,NA,NA,NA,NA,NA,NA,NA,NA,1988.8836,33.14806,0.13603268466873197
86943,OcnA-S116-01,3376,2561,0.7585900473933649,OcnA,S116,01,15,11,M,NA,NA,NA,NA,NA,NA,NA,NA,NA,NA,NA,NA,NA
87001,OcnA-S116-02,4901,3905,0.7967761681289532,OcnA,S116,02,10,10,F,NA,NA,NA,NA,NA,NA,NA,NA,NA,NA,NA,NA,NA
87010,FrScA-S116-01,3970,3293,0.829471032745592,FrScA,S116,01,5,1,F,NA,NA,NA,NA,NA,NA,NA,NA,NA,NA,NA,NA,NA
87020,FrScA-S216-01,1695,1373,0.8100294985250738,FrScA,S216,01,10,10,F,NA,NA,NA,NA,NA,NA,NA,NA,NA,NA,NA,NA,NA
87027,FrScA-S116-01,2625,1673,0.6373333333333333,FrScA,S116,01,30,28,M,NA,NA,NA,NA,NA,NA,NA,NA,NA,NA,NA,NA,NA
87043,AnPhA-S116-01,3096,2458,0.7939276485788114,AnPhA,S116,01,5,4,F,NA,NA,NA,NA,NA,NA,NA,NA,NA,NA,NA,NA,NA
87081,BioA-S116-01,2522,1851,0.7339413164155432,BioA,S116,01,10,9,F,NA,NA,NA,NA,NA,NA,NA,NA,NA,NA,NA,NA,NA
87093,FrScA-S116-01,4179,3450,0.8255563531945441,FrScA,S116,01,597,549.45,F,NA,NA,NA,NA,NA,NA,NA,NA,NA,NA,NA,NA,NA
87122,OcnA-S116-02,3216,1809,0.5625,OcnA,S116,02,10,7,F,NA,NA,NA,NA,NA,NA,NA,NA,NA,NA,NA,NA,NA
87163,FrScA-S116-01,1317,1164,0.8838268792710706,FrScA,S116,01,10,10,F,NA,NA,NA,NA,NA,NA,NA,NA,NA,NA,NA,NA,NA
87166,AnPhA-S116-01,4248,3485,0.8203860640301318,AnPhA,S116,01,438,343,M,NA,NA,NA,NA,NA,NA,NA,NA,NA,NA,NA,NA,NA
87171,PhysA-S116-01,1535,694,0.4521172638436482,PhysA,S116,01,5,2,M,NA,NA,NA,NA,NA,NA,NA,NA,NA,NA,NA,NA,NA
87209,OcnA-S116-02,3383,2749,0.8125923736328702,OcnA,S116,02,30,30,F,NA,NA,NA,NA,NA,NA,NA,NA,NA,NA,NA,NA,NA
87484,FrScA-S116-01,4473,3454,0.7721886876816454,FrScA,S116,01,30,NA,F,NA,NA,NA,NA,NA,NA,NA,NA,NA,NA,NA,NA,NA
87485,FrScA-S116-01,4354,3490,0.8015617822691777,FrScA,S116,01,10,6,M,NA,NA,NA,NA,NA,NA,NA,NA,NA,NA,NA,NA,NA
87489,FrScA-S116-01,5209,3604,0.6918794394317528,FrScA,S116,01,5,NA,M,NA,NA,NA,NA,NA,NA,NA,NA,NA,NA,1451.9169,24.198615,-0.2664224591429373
87504,FrScA-S116-01,1599,1370,0.8567854909318324,FrScA,S116,01,10,10,F,NA,NA,NA,NA,NA,NA,NA,NA,NA,NA,NA,NA,NA
87552,BioA-S116-01,3474,2833,0.8154864709268854,BioA,S116,01,10,9,F,NA,NA,NA,NA,NA,NA,NA,NA,NA,NA,NA,NA,NA
87579,FrScA-S116-01,7558,4486,0.5935432654141307,FrScA,S116,01,930,425.63,M,NA,NA,NA,NA,NA,NA,NA,NA,NA,NA,1451.8836,24.198059999999998,-0.26644741740625033
87670,OcnA-S216-01,2739,1896,0.6922234392113911,OcnA,S216,01,10,NA,F,NA,NA,NA,NA,NA,NA,NA,NA,NA,NA,NA,NA,NA
87689,BioA-T116-01,1667,1279,0.767246550689862,BioA,T116,01,5,5,F,NA,NA,NA,NA,NA,NA,NA,NA,NA,NA,NA,NA,NA
87693,FrScA-T116-01,2238,1777,0.7940125111706882,FrScA,T116,01,5,5,M,NA,NA,NA,NA,NA,NA,NA,NA,NA,NA,NA,NA,NA
87805,FrScA-S116-01,4586,3838,0.8368948975141736,FrScA,S116,01,5,5,M,NA,NA,NA,NA,NA,NA,NA,NA,NA,NA,NA,NA,NA
87825,OcnA-S216-01,3220,2789,0.8661490683229813,OcnA,S216,01,10,10,F,NA,NA,NA,NA,NA,NA,NA,NA,NA,NA,NA,NA,NA
87861,FrScA-S216-01,4269,2684,0.6287186694776294,FrScA,S216,01,10,NA,M,NA,NA,NA,NA,NA,NA,NA,NA,NA,NA,NA,NA,NA
87865,AnPhA-T116-01,3681,2969,0.806574300461831,AnPhA,T116,01,5,5,F,NA,NA,NA,NA,NA,NA,NA,NA,NA,NA,NA,NA,NA
87866,FrScA-T116-01,3492,2751,0.7878006872852233,FrScA,T116,01,5,NA,M,NA,NA,NA,NA,NA,NA,NA,NA,NA,NA,46.6833,0.778055,-1.3196413842215124
87905,FrScA-S116-01,2751,2239,0.8138858596873864,FrScA,S116,01,597,440.43,F,NA,NA,NA,NA,NA,NA,NA,NA,NA,NA,1388.1167,23.135278333333336,-0.31424054295747034
87906,FrScA-S116-01,1003,802,0.7996011964107677,FrScA,S116,01,105,104.5,F,NA,NA,NA,NA,NA,NA,NA,NA,NA,NA,1075.0999,17.918331666666667,-0.5488458197082792
87914,FrScA-S116-01,2645,2138,0.8083175803402647,FrScA,S116,01,15,13,F,NA,NA,NA,NA,NA,NA,NA,NA,NA,NA,1156.1668,19.269446666666667,-0.4880863891926323
87927,FrScA-S116-01,2607,1993,0.7644802454929037,FrScA,S116,01,5,5,M,NA,NA,NA,NA,NA,NA,NA,NA,NA,NA,1551.6665,25.861108333333334,-0.19166039361232518
87955,OcnA-T116-01,3013,2265,0.751742449385994,OcnA,T116,01,5,10,F,NA,NA,NA,NA,NA,NA,NA,NA,NA,NA,NA,NA,NA
87970,OcnA-S116-01,6019,4272,0.7097524505731849,OcnA,S116,01,10,10,F,NA,NA,NA,NA,NA,NA,NA,NA,NA,NA,NA,NA,NA
87988,FrScA-S216-02,1997,1760,0.8813219829744617,FrScA,S216,02,5,3,F,NA,NA,NA,NA,NA,NA,NA,NA,NA,NA,NA,NA,NA
88048,FrScA-S216-02,4666,3621,0.7760394342048864,FrScA,S216,02,10,7.375,M,NA,NA,NA,NA,NA,NA,NA,NA,NA,NA,1722.1833,28.703055,-0.06385849590376037
88050,AnPhA-S116-01,2295,1771,0.771677559912854,AnPhA,S116,01,30,27.75,F,NA,NA,NA,NA,NA,NA,NA,NA,NA,NA,1551.3498,25.85583,-0.1918977594378879
88068,AnPhA-S116-01,2807,2385,0.8496615603847524,AnPhA,S116,01,10,10,F,NA,NA,NA,NA,NA,NA,NA,NA,NA,NA,NA,NA,NA
88075,FrScA-S116-04,3827,2906,0.7593415207734517,FrScA,S116,04,10,10,F,NA,NA,NA,NA,NA,NA,NA,NA,NA,NA,NA,NA,NA
88091,PhysA-S116-01,2490,2088,0.8385542168674699,PhysA,S116,01,10,7,M,NA,NA,NA,NA,NA,NA,NA,NA,NA,NA,NA,NA,NA
88099,AnPhA-S116-01,4077,2890,0.7088545499141525,AnPhA,S116,01,10,9,F,NA,NA,NA,NA,NA,NA,NA,NA,NA,NA,NA,NA,NA
88153,AnPhA-S116-01,4572,3701,0.8094925634295713,AnPhA,S116,01,5,5,F,NA,NA,NA,NA,NA,NA,NA,NA,NA,NA,3067.4676,51.12446,0.9444285848855714
88166,OcnA-S116-02,5201,4224,0.8121515093251298,OcnA,S116,02,10,9.6,F,NA,NA,NA,NA,NA,NA,NA,NA,NA,NA,NA,NA,NA
88168,OcnA-S116-02,4405,3676,0.8345062429057889,OcnA,S116,02,37,37,F,NA,NA,NA,NA,NA,NA,NA,NA,NA,NA,NA,NA,NA
88261,FrScA-S116-01,3076,2366,0.7691807542262679,FrScA,S116,01,625,482.99333,F,NA,NA,NA,NA,NA,NA,NA,NA,NA,NA,NA,NA,NA
88282,OcnA-T116-01,6702,5260,0.7848403461653238,OcnA,T116,01,10,7,F,NA,NA,NA,NA,NA,NA,NA,NA,NA,NA,NA,NA,NA
88296,PhysA-S116-01,3439,2621,0.7621401570223902,PhysA,S116,01,10,5,F,NA,NA,NA,NA,NA,NA,NA,NA,NA,NA,NA,NA,NA
88307,OcnA-S116-03,2684,1980,0.7377049180327869,OcnA,S116,03,10,NA,M,NA,NA,NA,NA,NA,NA,NA,NA,NA,NA,NA,NA,NA
88311,FrScA-S216-04,2367,1958,0.8272074355724546,FrScA,S216,04,5,5,F,NA,NA,NA,NA,NA,NA,NA,NA,NA,NA,NA,NA,NA
88340,OcnA-T116-01,2490,1828,0.734136546184739,OcnA,T116,01,30,NA,M,NA,NA,NA,NA,NA,NA,NA,NA,NA,NA,NA,NA,NA
88381,PhysA-S116-01,1765,1511,0.8560906515580736,PhysA,S116,01,37,36.75,F,NA,NA,NA,NA,NA,NA,NA,NA,NA,NA,NA,NA,NA
88409,FrScA-S116-03,1499,1315,0.8772515010006671,FrScA,S116,03,10,10,F,NA,NA,NA,NA,NA,NA,NA,NA,NA,NA,2420.5994,40.34332333333334,0.45960255292084135
88440,AnPhA-S216-01,2980,2056,0.6899328859060403,AnPhA,S216,01,15,15,F,NA,NA,NA,NA,NA,NA,NA,NA,NA,NA,NA,NA,NA
88440,OcnA-S116-01,2951,2484,0.8417485598102338,OcnA,S116,01,30,30,F,NA,NA,NA,NA,NA,NA,NA,NA,NA,NA,317.2168,5.286946666666666,-1.1168772302276535
88474,OcnA-S216-01,4369,3690,0.8445868619821469,OcnA,S216,01,5,5,F,NA,NA,NA,NA,NA,NA,NA,NA,NA,NA,NA,NA,NA
88481,PhysA-S116-01,3041,2697,0.8868793160144689,PhysA,S116,01,10,10,F,NA,NA,NA,NA,NA,NA,NA,NA,NA,NA,1395.8998,23.264996666666665,-0.30840712976853224
88493,FrScA-S116-01,3776,1955,0.5177436440677966,FrScA,S116,01,5,NA,M,NA,NA,NA,NA,NA,NA,NA,NA,NA,NA,NA,NA,NA
88501,FrScA-S116-01,4432,3718,0.8388989169675091,FrScA,S116,01,5,4,F,NA,NA,NA,NA,NA,NA,NA,NA,NA,NA,NA,NA,NA
88504,OcnA-S216-01,2737,2345,0.8567774936061381,OcnA,S216,01,5,2.15,F,NA,NA,NA,NA,NA,NA,NA,NA,NA,NA,3755.1506,62.58584333333333,1.4598452032007112
88527,FrScA-S116-01,3077,1912,0.6213844653883653,FrScA,S116,01,10,10,F,NA,NA,NA,NA,NA,NA,NA,NA,NA,NA,NA,NA,NA
88568,BioA-S116-01,3823,3111,0.8137588281454355,BioA,S116,01,30,30,F,NA,NA,NA,NA,NA,NA,NA,NA,NA,NA,NA,NA,NA
88568,BioA-S216-01,5612,4660,0.8303635067712045,BioA,S216,01,10,8,F,NA,NA,NA,NA,NA,NA,NA,NA,NA,NA,NA,NA,NA
88596,FrScA-S216-01,3417,3030,0.8867427568042142,FrScA,S216,01,5,5,F,NA,NA,NA,NA,NA,NA,NA,NA,NA,NA,885.9167,14.765278333333333,-0.6906381356242416
88612,AnPhA-S216-01,2804,2257,0.8049215406562055,AnPhA,S216,01,5,4,M,NA,NA,NA,NA,NA,NA,NA,NA,NA,NA,NA,NA,NA
88636,FrScA-S116-03,2721,2468,0.9070194781330393,FrScA,S116,03,5,5,F,NA,NA,NA,NA,NA,NA,NA,NA,NA,NA,NA,NA,NA
88641,AnPhA-S116-01,4156,3383,0.8140038498556305,AnPhA,S116,01,5,2,F,NA,NA,NA,NA,NA,NA,NA,NA,NA,NA,NA,NA,NA
88642,OcnA-S216-02,3431,2334,0.6802681433984261,OcnA,S216,02,10,10,F,NA,NA,NA,NA,NA,NA,NA,NA,NA,NA,NA,NA,NA
88703,OcnA-T116-01,4804,3896,0.8109908409658618,OcnA,T116,01,5,NA,F,NA,NA,NA,NA,NA,NA,NA,NA,NA,NA,NA,NA,NA
88803,OcnA-S216-02,2707,2195,0.8108607314370151,OcnA,S216,02,5,5,F,NA,NA,NA,NA,NA,NA,NA,NA,NA,NA,NA,NA,NA
88835,FrScA-S116-03,2506,1576,0.6288906624102155,FrScA,S116,03,5,5,F,NA,NA,NA,NA,NA,NA,NA,NA,NA,NA,1811.9338,30.198896666666666,0.0034092702066320676
88836,FrScA-S116-03,2682,1495,0.5574198359433259,FrScA,S116,03,30,24,F,NA,NA,NA,NA,NA,NA,NA,NA,NA,NA,NA,NA,NA
88845,FrScA-S216-01,2354,1555,0.6605777400169923,FrScA,S216,01,5,NA,F,NA,NA,NA,NA,NA,NA,NA,NA,NA,NA,NA,NA,NA
88849,OcnA-S216-01,2116,1878,0.8875236294896031,OcnA,S216,01,10,10,F,NA,NA,NA,NA,NA,NA,NA,NA,NA,NA,NA,NA,NA
88854,FrScA-S216-01,3536,2823,0.7983597285067874,FrScA,S216,01,12,12,M,NA,NA,NA,NA,NA,NA,NA,NA,NA,NA,NA,NA,NA
88854,OcnA-S116-01,4419,3608,0.8164743154559855,OcnA,S116,01,50,50,F,NA,NA,NA,NA,NA,NA,NA,NA,NA,NA,NA,NA,NA
88864,OcnA-S216-02,4158,3216,0.7734487734487735,OcnA,S216,02,5,3.5,F,NA,NA,NA,NA,NA,NA,NA,NA,NA,NA,NA,NA,NA
88868,FrScA-S116-03,1896,1570,0.8280590717299579,FrScA,S116,03,5,5,F,NA,NA,NA,NA,NA,NA,NA,NA,NA,NA,NA,NA,NA
88874,FrScA-S116-03,4644,3018,0.6498708010335917,FrScA,S116,03,60,NA,F,NA,NA,NA,NA,NA,NA,NA,NA,NA,NA,700.9668,11.682780000000001,-0.8292576042103827
88886,FrScA-S116-03,3152,2064,0.6548223350253807,FrScA,S116,03,260,232,F,NA,NA,NA,NA,NA,NA,NA,NA,NA,NA,NA,NA,NA
88979,AnPhA-S216-02,3152,2324,0.7373096446700508,AnPhA,S216,02,5,5,M,NA,NA,NA,NA,NA,NA,NA,NA,NA,NA,NA,NA,NA
88995,AnPhA-T116-01,4605,3820,0.8295331161780674,AnPhA,T116,01,443,341,F,NA,NA,NA,NA,NA,NA,NA,NA,NA,NA,NA,NA,NA
89005,AnPhA-T116-01,2274,1902,0.8364116094986808,AnPhA,T116,01,20,NA,M,NA,NA,NA,NA,NA,NA,NA,NA,NA,NA,NA,NA,NA
89114,OcnA-S116-01,5672,4005,0.7061001410437235,OcnA,S116,01,10,10,M,NA,NA,NA,NA,NA,NA,NA,NA,NA,NA,NA,NA,NA
89128,FrScA-S116-01,2011,1735,0.8627548483341622,FrScA,S116,01,140,140,F,NA,NA,NA,NA,NA,NA,NA,NA,NA,NA,NA,NA,NA
89142,AnPhA-S116-01,3791,3027,0.7984700606700079,AnPhA,S116,01,5,5,F,NA,NA,NA,NA,NA,NA,NA,NA,NA,NA,NA,NA,NA
89144,FrScA-S116-03,4753,3734,0.7856090889964233,FrScA,S116,03,10,10,F,NA,NA,NA,NA,NA,NA,NA,NA,NA,NA,NA,NA,NA
89165,FrScA-S116-03,3882,1813,0.46702730551262234,FrScA,S116,03,10,7,M,NA,NA,NA,NA,NA,NA,NA,NA,NA,NA,NA,NA,NA
89168,FrScA-S116-03,5141,4110,0.7994553588795954,FrScA,S116,03,605,472.12,F,NA,NA,NA,NA,NA,NA,NA,NA,NA,NA,NA,NA,NA
89194,AnPhA-S116-01,3495,3194,0.9138769670958512,AnPhA,S116,01,15,13,M,NA,NA,NA,NA,NA,NA,NA,NA,NA,NA,NA,NA,NA
89295,PhysA-S116-01,1223,911,0.7448896156991006,PhysA,S116,01,5,5,F,NA,NA,NA,NA,NA,NA,NA,NA,NA,NA,NA,NA,NA
89300,BioA-S116-01,1424,1063,0.7464887640449438,BioA,S116,01,10,NA,F,NA,NA,NA,NA,NA,NA,NA,NA,NA,NA,NA,NA,NA
89333,FrScA-S216-01,4132,3464,0.8383349467570184,FrScA,S216,01,460,296.45,M,NA,NA,NA,NA,NA,NA,NA,NA,NA,NA,1395.8998,23.264996666666665,-0.30840712976853224
89345,FrScA-S216-01,3355,2499,0.7448584202682563,FrScA,S216,01,15,14,F,NA,NA,NA,NA,NA,NA,NA,NA,NA,NA,NA,NA,NA
89374,FrScA-S216-01,4044,2666,0.6592482690405539,FrScA,S216,01,10,7.5,F,NA,NA,NA,NA,NA,NA,NA,NA,NA,NA,2432.7831,40.546385,0.46873420435408336
89376,FrScA-S116-03,2795,2381,0.8518783542039357,FrScA,S116,03,5,3,F,NA,NA,NA,NA,NA,NA,NA,NA,NA,NA,NA,NA,NA
89388,FrScA-S116-03,1886,1509,0.8001060445387063,FrScA,S116,03,10,8.5,F,NA,NA,NA,NA,NA,NA,NA,NA,NA,NA,NA,NA,NA
89395,PhysA-S116-01,3201,2067,0.6457357075913777,PhysA,S116,01,30,28,F,NA,NA,NA,NA,NA,NA,NA,NA,NA,NA,2432.7831,40.546385,0.46873420435408336
89425,PhysA-S116-01,1614,1283,0.7949194547707559,PhysA,S116,01,5,NA,M,NA,NA,NA,NA,NA,NA,NA,NA,NA,NA,NA,NA,NA
89435,OcnA-S116-01,3309,2289,0.6917497733454215,OcnA,S116,01,5,5,M,NA,NA,NA,NA,NA,NA,NA,NA,NA,NA,NA,NA,NA
89465,FrScA-S216-01,2994,2361,0.7885771543086172,FrScA,S216,01,10,10,M,NA,NA,NA,NA,NA,NA,NA,NA,NA,NA,NA,NA,NA
89487,OcnA-S116-01,2748,1754,0.6382823871906841,OcnA,S116,01,5,5,F,NA,NA,NA,NA,NA,NA,NA,NA,NA,NA,NA,NA,NA
89490,PhysA-S116-01,1939,1691,0.8720990201134605,PhysA,S116,01,220,205.38,F,NA,NA,NA,NA,NA,NA,NA,NA,NA,NA,2517.95,41.96583333333333,0.5325665741965595
89918,AnPhA-S116-01,2196,1781,0.8110200364298725,AnPhA,S116,01,10,10,F,NA,NA,NA,NA,NA,NA,NA,NA,NA,NA,NA,NA,NA
89994,FrScA-S216-02,2496,2179,0.8729967948717948,FrScA,S216,02,5,3,F,NA,NA,NA,NA,NA,NA,NA,NA,NA,NA,NA,NA,NA
90029,FrScA-S216-01,3269,2464,0.7537473233404711,FrScA,S216,01,5,NA,F,NA,NA,NA,NA,NA,NA,NA,NA,NA,NA,NA,NA,NA
90090,OcnA-S116-02,3522,2655,0.7538330494037478,OcnA,S116,02,5,NA,F,NA,NA,NA,NA,NA,NA,NA,NA,NA,NA,NA,NA,NA
90095,FrScA-S116-01,1867,1574,0.8430637386181039,FrScA,S116,01,5,5,F,NA,NA,NA,NA,NA,NA,NA,NA,NA,NA,NA,NA,NA
90097,FrScA-S116-03,2725,2089,0.7666055045871559,FrScA,S116,03,10,6.5,M,NA,NA,NA,NA,NA,NA,NA,NA,NA,NA,NA,NA,NA
90098,FrScA-S116-03,1822,1676,0.9198682766190999,FrScA,S116,03,10,9,M,NA,NA,NA,NA,NA,NA,NA,NA,NA,NA,NA,NA,NA
90253,BioA-S116-01,4457,2493,0.5593448507964999,BioA,S116,01,5,3,M,NA,NA,NA,NA,NA,NA,NA,NA,NA,NA,NA,NA,NA
90274,FrScA-S116-03,3858,2348,0.6086054950751685,FrScA,S116,03,10,8,F,NA,NA,NA,NA,NA,NA,NA,NA,NA,NA,3890,64.83333333333333,1.5609144774590915
90277,FrScA-S216-01,4677,4055,0.8670087663031858,FrScA,S216,01,625,545.64,F,NA,NA,NA,NA,NA,NA,NA,NA,NA,NA,NA,NA,NA
90305,AnPhA-S116-01,2081,1591,0.76453628063431045,AnPhA,S116,01,20,NA,F,NA,NA,NA,NA,NA,NA,NA,NA,NA,NA,NA,NA,NA
90326,PhysA-S116-01,3339,1726,0.516921233902366,PhysA,S116,01,10,2,M,NA,NA,NA,NA,NA,NA,NA,NA,NA,NA,NA,NA,NA
90333,PhysA-S116-01,1771,1454,0.821005081874647,PhysA,S116,01,30,30,F,NA,NA,NA,NA,NA,NA,NA,NA,NA,NA,NA,NA,NA
90370,FrScA-S116-03,2168,1179,0.5438191881918819,FrScA,S116,03,20,NA,F,NA,NA,NA,NA,NA,NA,NA,NA,NA,NA,NA,NA,NA
90372,FrScA-S116-03,3822,2898,0.7582417582417582,FrScA,S116,03,345,284.66,F,NA,NA,NA,NA,NA,NA,NA,NA,NA,NA,NA,NA,NA
90394,AnPhA-S116-02,14444,11108,0.7690390473553033,AnPhA,S116,02,438,370.75,F,NA,NA,NA,NA,NA,NA,NA,NA,NA,NA,2300.6664,38.34444,0.3697130816319049
90394,FrScA-S216-01,3852,3129,0.8123052959501558,FrScA,S216,01,10,9,F,NA,NA,NA,NA,NA,NA,NA,NA,NA,NA,NA,NA,NA
90395,AnPhA-S116-02,2167,1742,0.8038763267189664,AnPhA,S116,02,30,27,M,NA,NA,NA,NA,NA,NA,NA,NA,NA,NA,2300.6664,38.34444,0.3697130816319049
90396,AnPhA-S116-02,2942,2308,0.7845003399048266,AnPhA,S116,02,5,5,M,NA,NA,NA,NA,NA,NA,NA,NA,NA,NA,6348.4492,105.80748666666666,3.4035157529938376
90397,AnPhA-S116-02,3577,2893,0.8087783058428851,AnPhA,S116,02,5,5,F,NA,NA,NA,NA,NA,NA,NA,NA,NA,NA,NA,NA,NA
90398,AnPhA-S116-02,3768,2861,0.7592887473460722,AnPhA,S116,02,10,8.75,F,NA,NA,NA,NA,NA,NA,NA,NA,NA,NA,2151.1498,35.85249666666667,0.25765077915536067
90399,AnPhA-S116-02,3273,2466,0.7534372135655362,AnPhA,S116,02,10,8,M,NA,NA,NA,NA,NA,NA,NA,NA,NA,NA,1550.4668,25.841113333333332,-0.19255956563925145
90430,BioA-S116-01,4524,3693,0.8163129973474801,BioA,S116,01,10,10,F,NA,NA,NA,NA,NA,NA,NA,NA,NA,NA,NA,NA,NA
90433,FrScA-S116-01,4483,3859,0.8608074949810395,FrScA,S116,01,10,9.38,F,NA,NA,NA,NA,NA,NA,NA,NA,NA,NA,NA,NA,NA
90466,BioA-S116-01,3087,2670,0.8649173955296404,BioA,S116,01,10,10,F,NA,NA,NA,NA,NA,NA,NA,NA,NA,NA,NA,NA,NA
90516,AnPhA-T116-01,4439,3295,0.7422842982653751,AnPhA,T116,01,353,102.5,F,NA,NA,NA,NA,NA,NA,NA,NA,NA,NA,NA,NA,NA
90562,OcnA-S116-01,2365,1796,0.7594080338266385,OcnA,S116,01,10,10,F,NA,NA,NA,NA,NA,NA,NA,NA,NA,NA,NA,NA,NA
90589,FrScA-S116-03,3430,2544,0.7416909620991253,FrScA,S116,03,30,11.25,M,NA,NA,NA,NA,NA,NA,NA,NA,NA,NA,NA,NA,NA
90622,FrScA-S216-01,1958,1638,0.8365679264555669,FrScA,S216,01,5,3,M,NA,NA,NA,NA,NA,NA,NA,NA,NA,NA,NA,NA,NA
90636,FrScA-S216-01,3168,1790,0.5650252525252525,FrScA,S216,01,10,NA,M,NA,NA,NA,NA,NA,NA,NA,NA,NA,NA,NA,NA,NA
90855,FrScA-S116-03,975,607,0.6225641025641026,FrScA,S116,03,5,5,F,NA,NA,NA,NA,NA,NA,NA,NA,NA,NA,NA,NA,NA
90861,OcnA-S116-01,4565,3763,0.824315443592552,OcnA,S116,01,5,NA,M,NA,NA,NA,NA,NA,NA,NA,NA,NA,NA,NA,NA,NA
90878,FrScA-S116-03,5056,3349,0.662381329113924,FrScA,S116,03,5,5,F,NA,NA,NA,NA,NA,NA,NA,NA,NA,NA,NA,NA,NA
90928,OcnA-S116-01,4549,3365,0.7397230160474829,OcnA,S116,01,10,10,M,NA,NA,NA,NA,NA,NA,NA,NA,NA,NA,3785.2838,63.08806333333334,1.4824299581575937
90956,AnPhA-S116-02,5318,3973,0.747085370440015,AnPhA,S116,02,10,7,M,NA,NA,NA,NA,NA,NA,NA,NA,NA,NA,NA,NA,NA
90971,AnPhA-S116-02,3906,2802,0.717357910906298,AnPhA,S116,02,5,4,F,NA,NA,NA,NA,NA,NA,NA,NA,NA,NA,3785.2838,63.08806333333334,1.4824299581575937
90989,FrScA-S216-01,477,377,0.790356394129979,FrScA,S216,01,10,6,F,NA,NA,NA,NA,NA,NA,NA,NA,NA,NA,NA,NA,NA
90995,AnPhA-S116-02,6462,4674,0.72330547818013,AnPhA,S116,02,5,3,M,NA,NA,NA,NA,NA,NA,NA,NA,NA,NA,657.1668,10.952779999999999,-0.8620855901896829
90995,BioA-S116-01,1740,1420,0.8160919540229885,BioA,S116,01,12,12,F,NA,NA,NA,NA,NA,NA,NA,NA,NA,NA,NA,NA,NA
90996,FrScA-S116-04,3365,2464,0.7322436849925705,FrScA,S116,04,10,NA,M,NA,NA,NA,NA,NA,NA,NA,NA,NA,NA,NA,NA,NA
90996,OcnA-S216-01,5906,4903,0.8301727057229936,OcnA,S216,01,10,10,F,NA,NA,NA,NA,NA,NA,NA,NA,NA,NA,NA,NA,NA
91030,PhysA-S116-01,2752,1831,0.6653343023255814,PhysA,S116,01,5,5,F,NA,NA,NA,NA,NA,NA,NA,NA,NA,NA,NA,NA,NA
91038,PhysA-S116-01,2077,1352,0.6509388541165142,PhysA,S116,01,10,10,M,NA,NA,NA,NA,NA,NA,NA,NA,NA,NA,NA,NA,NA
91065,AnPhA-S116-02,4207,2951,0.7014499643451391,AnPhA,S116,02,10,10,M,NA,NA,NA,NA,NA,NA,NA,NA,NA,NA,NA,NA,NA
91066,BioA-S116-01,2505,1862,0.743313373253493,BioA,S116,01,5,5,F,NA,NA,NA,NA,NA,NA,NA,NA,NA,NA,NA,NA,NA
91067,BioA-S116-01,3023,2013,0.6658948064836255,BioA,S116,01,20,16,F,NA,NA,NA,NA,NA,NA,NA,NA,NA,NA,NA,NA,NA
91163,OcnA-S216-02,6683,5168,0.7733054017656741,OcnA,S216,02,10,8.65,F,NA,NA,NA,NA,NA,NA,NA,NA,NA,NA,NA,NA,NA
91164,AnPhA-S216-02,2309,1527,0.6613252490255522,AnPhA,S216,02,55,51,F,NA,NA,NA,NA,NA,NA,NA,NA,NA,NA,NA,NA,NA
91173,FrScA-S116-01,2412,1915,0.7939469320066335,FrScA,S116,01,10,6.33333,M,NA,NA,NA,NA,NA,NA,NA,NA,NA,NA,NA,NA,NA
91175,AnPhA-S116-02,4091,3351,0.8191151307748716,AnPhA,S116,02,10,10,F,NA,NA,NA,NA,NA,NA,NA,NA,NA,NA,NA,NA,NA
91176,FrScA-S116-04,861,558,0.6480836236933798,FrScA,S116,04,30,30,F,NA,NA,NA,NA,NA,NA,NA,NA,NA,NA,NA,NA,NA
91212,FrScA-S216-01,4045,2779,0.6870210135970334,FrScA,S216,01,5,5,M,NA,NA,NA,NA,NA,NA,NA,NA,NA,NA,NA,NA,NA
91252,OcnA-S216-02,3704,2958,0.7985961123110151,OcnA,S216,02,10,10,F,NA,NA,NA,NA,NA,NA,NA,NA,NA,NA,NA,NA,NA
91300,BioA-S116-01,2225,1478,0.6642696629213484,BioA,S116,01,20,16,M,NA,NA,NA,NA,NA,NA,NA,NA,NA,NA,NA,NA,NA
91313,AnPhA-S216-01,2050,1381,0.6736585365853659,AnPhA,S216,01,125,100,M,NA,NA,NA,NA,NA,NA,NA,NA,NA,NA,NA,NA,NA
91319,AnPhA-S116-02,2195,1819,0.8287015945330296,AnPhA,S116,02,10,0,F,NA,NA,NA,NA,NA,NA,NA,NA,NA,NA,3134.9666,52.24944333333334,0.995018909671343
91320,AnPhA-S116-02,3916,2873,0.7336567926455567,AnPhA,S116,02,457,385.01,M,NA,NA,NA,NA,NA,NA,NA,NA,NA,NA,NA,NA,NA
91326,AnPhA-S216-01,3619,2910,0.8040895274937828,AnPhA,S216,01,24,14,F,NA,NA,NA,NA,NA,NA,NA,NA,NA,NA,NA,NA,NA
91326,FrScA-S116-04,2496,1610,0.6450320512820513,FrScA,S116,04,5,5,F,NA,NA,NA,NA,NA,NA,NA,NA,NA,NA,NA,NA,NA
91340,FrScA-S116-02,3673,2971,0.8088755785461476,FrScA,S116,02,5,5,F,NA,NA,NA,NA,NA,NA,NA,NA,NA,NA,NA,NA,NA
91351,BioA-S116-01,4991,3725,0.7463434181526748,BioA,S116,01,438,424,F,NA,NA,NA,NA,NA,NA,NA,NA,NA,NA,1510.7002,25.178336666666667,-0.2223645288183482
91410,FrScA-S216-02,3876,3176,0.8194014447884417,FrScA,S216,02,10,8.75,F,NA,NA,NA,NA,NA,NA,NA,NA,NA,NA,NA,NA,NA
91471,FrScA-S116-01,1155,931,0.806060606060606,FrScA,S116,01,10,10,F,NA,NA,NA,NA,NA,NA,NA,NA,NA,NA,NA,NA,NA
91477,FrScA-S116-04,1898,1507,0.7939936775553214,FrScA,S116,04,60,NA,F,NA,NA,NA,NA,NA,NA,NA,NA,NA,NA,NA,NA,NA
91550,FrScA-S216-02,3301,2109,0.638897303847319,FrScA,S216,02,10,10,M,NA,NA,NA,NA,NA,NA,NA,NA,NA,NA,NA,NA,NA
91574,AnPhA-S116-02,3285,2666,0.8115677321156773,AnPhA,S116,02,5,4,F,NA,NA,NA,NA,NA,NA,NA,NA,NA,NA,NA,NA,NA
91575,PhysA-S116-01,3254,2767,0.8503380454824832,PhysA,S116,01,30,24,F,NA,NA,NA,NA,NA,NA,NA,NA,NA,NA,NA,NA,NA
91607,FrScA-S216-02,3112,1640,0.5269922879177378,FrScA,S216,02,5,4,F,NA,NA,NA,NA,NA,NA,NA,NA,NA,NA,NA,NA,NA
91611,BioA-S116-01,2654,2305,0.8685003767897513,BioA,S116,01,10,10,M,NA,NA,NA,NA,NA,NA,NA,NA,NA,NA,906.8832,15.11472,-0.6749237984544927
91619,AnPhA-S116-02,5505,4439,0.8063578564940963,AnPhA,S116,02,10,NA,F,NA,NA,NA,NA,NA,NA,NA,NA,NA,NA,NA,NA,NA
91624,BioA-S116-01,3398,2893,0.8513831665685697,BioA,S116,01,5,NA,F,NA,NA,NA,NA,NA,NA,NA,NA,NA,NA,NA,NA,NA
91633,PhysA-S116-01,3514,2124,0.6044393853158794,PhysA,S116,01,10,4,F,NA,NA,NA,NA,NA,NA,NA,NA,NA,NA,NA,NA,NA
91634,AnPhA-S116-02,4537,3245,0.7152303284108442,AnPhA,S116,02,5,5,F,NA,NA,NA,NA,NA,NA,NA,NA,NA,NA,NA,NA,NA
91635,OcnA-S116-01,2928,2469,0.8432377049180327,OcnA,S116,01,10,8.75,F,NA,NA,NA,NA,NA,NA,NA,NA,NA,NA,1651.5005,27.525008333333336,-0.11683507050142422
91672,AnPhA-S116-02,3747,2873,0.7667467307179077,AnPhA,S116,02,10,6,F,NA,NA,NA,NA,NA,NA,NA,NA,NA,NA,NA,NA,NA
91709,AnPhA-S116-02,3691,3289,0.8910864264426984,AnPhA,S116,02,10,9,F,NA,NA,NA,NA,NA,NA,NA,NA,NA,NA,NA,NA,NA
91771,AnPhA-S116-02,3340,2903,0.8691616766467066,AnPhA,S116,02,438,364.5,F,NA,NA,NA,NA,NA,NA,NA,NA,NA,NA,NA,NA,NA
91818,OcnA-S116-01,2462,1467,0.5958570268074735,OcnA,S116,01,10,10,M,NA,NA,NA,NA,NA,NA,NA,NA,NA,NA,NA,NA,NA
91821,PhysA-S116-01,1766,1469,0.8318233295583239,PhysA,S116,01,20,16,F,NA,NA,NA,NA,NA,NA,NA,NA,NA,NA,NA,NA,NA
91932,AnPhA-S116-02,4832,3862,0.7992549668874173,AnPhA,S116,02,5,3,F,NA,NA,NA,NA,NA,NA,NA,NA,NA,NA,NA,NA,NA
91943,FrScA-S216-02,3602,2825,0.7842865074958356,FrScA,S216,02,10,10,F,NA,NA,NA,NA,NA,NA,NA,NA,NA,NA,NA,NA,NA
92021,OcnA-S116-02,2799,2317,0.8277956413004645,OcnA,S116,02,5,5,F,NA,NA,NA,NA,NA,NA,NA,NA,NA,NA,NA,NA,NA
92124,FrScA-S216-01,2760,1830,0.6630434782608695,FrScA,S216,01,20,16,M,NA,NA,NA,NA,NA,NA,NA,NA,NA,NA,NA,NA,NA
92143,FrScA-S116-01,1982,1601,0.8077699293642785,FrScA,S116,01,10,NA,F,NA,NA,NA,NA,NA,NA,NA,NA,NA,NA,756.0998,12.601663333333333,-0.7879355642332877
92152,BioA-S116-01,3665,2721,0.7424283765347885,BioA,S116,01,10,10,F,NA,NA,NA,NA,NA,NA,NA,NA,NA,NA,NA,NA,NA
92185,AnPhA-S116-02,4410,3679,0.8342403628117914,AnPhA,S116,02,12,12,F,NA,NA,NA,NA,NA,NA,NA,NA,NA,NA,540.5001,9.008334999999999,-0.9495269781314917
92214,FrScA-S116-01,2545,2061,0.8098231827111985,FrScA,S116,01,10,10,F,NA,NA,NA,NA,NA,NA,NA,NA,NA,NA,NA,NA,NA
92510,BioA-S116-01,5214,4180,0.8016877637130801,BioA,S116,01,5,5,M,NA,NA,NA,NA,NA,NA,NA,NA,NA,NA,306.2668,5.104446666666666,-1.1250842267224785
92511,PhysA-S116-01,3440,2042,0.5936046511627907,PhysA,S116,01,10,6,M,NA,NA,NA,NA,NA,NA,NA,NA,NA,NA,NA,NA,NA
92604,FrScA-S116-03,2537,1878,0.7402443831296808,FrScA,S116,03,30,NA,F,NA,NA,NA,NA,NA,NA,NA,NA,NA,NA,NA,NA,NA
92606,BioA-S116-01,2381,1810,0.7601847963040739,BioA,S116,01,10,8.88,F,NA,NA,NA,NA,NA,NA,NA,NA,NA,NA,NA,NA,NA
92606,BioA-S216-01,3689,2730,0.7400379506641366,BioA,S216,01,10,9.7,F,NA,NA,NA,NA,NA,NA,NA,NA,NA,NA,NA,NA,NA
92633,BioA-S116-01,3637,2489,0.6843552378333791,BioA,S116,01,10,NA,M,NA,NA,NA,NA,NA,NA,NA,NA,NA,NA,10.1498,0.16916333333333336,-1.347023147367055
92724,PhysA-S116-01,3496,2686,0.7683066361556065,PhysA,S116,01,10,8,F,NA,NA,NA,NA,NA,NA,NA,NA,NA,NA,1272.7001,21.211668333333332,-0.40074498420355487
92725,PhysA-S116-01,1947,1721,0.8839239856189008,PhysA,S116,01,10,10,M,NA,NA,NA,NA,NA,NA,NA,NA,NA,NA,NA,NA,NA
92726,PhysA-S116-01,3444,2834,0.8228803716608595,PhysA,S116,01,5,NA,F,NA,NA,NA,NA,NA,NA,NA,NA,NA,NA,2058.4167,34.306945000000006,0.1881475621093094
92727,PhysA-S116-01,1385,1001,0.7227436823104693,PhysA,S116,01,30,27,M,NA,NA,NA,NA,NA,NA,NA,NA,NA,NA,NA,NA,NA
92729,PhysA-S116-01,3156,2650,0.8396704689480355,PhysA,S116,01,5,4,M,NA,NA,NA,NA,NA,NA,NA,NA,NA,NA,NA,NA,NA
92732,PhysA-S116-01,5236,3558,0.6795263559969442,PhysA,S116,01,10,10,M,NA,NA,NA,NA,NA,NA,NA,NA,NA,NA,1272.7001,21.211668333333332,-0.40074498420355487
92733,PhysA-S116-01,3702,2872,0.775796866558617,PhysA,S116,01,20,20,M,NA,NA,NA,NA,NA,NA,NA,NA,NA,NA,2058.4167,34.306945000000006,0.1881475621093094
92740,PhysA-S116-01,2533,2075,0.8191867350967232,PhysA,S116,01,80,67.64,F,NA,NA,NA,NA,NA,NA,NA,NA,NA,NA,NA,NA,NA
92741,PhysA-S116-01,2480,1812,0.7306451612903225,PhysA,S116,01,5,3.5,M,NA,NA,NA,NA,NA,NA,NA,NA,NA,NA,2469.4006,41.15667666666666,0.49617892528095603
92743,PhysA-S116-01,1568,1269,0.8093112244897959,PhysA,S116,01,50,44,F,NA,NA,NA,NA,NA,NA,NA,NA,NA,NA,NA,NA,NA
94070,FrScA-S216-01,6432,4738,0.7366293532338308,FrScA,S216,01,20,NA,F,NA,NA,NA,NA,NA,NA,NA,NA,NA,NA,4552.0833,75.868055,2.057144187265686
94135,FrScA-S216-01,2721,2344,0.8614479970599045,FrScA,S216,01,12,12,F,NA,NA,NA,NA,NA,NA,NA,NA,NA,NA,NA,NA,NA
94156,FrScA-S216-01,3410,2381,0.6982404692082111,FrScA,S216,01,5,5,F,NA,NA,NA,NA,NA,NA,NA,NA,NA,NA,NA,NA,NA
94172,FrScA-S216-01,1490,999,0.6704697986577182,FrScA,S216,01,10,9,F,NA,NA,NA,NA,NA,NA,NA,NA,NA,NA,3058.6498,50.97749666666667,0.9378196667401771
94189,PhysA-S216-01,2014,1609,0.7989076464746773,PhysA,S216,01,930,769.13,F,NA,NA,NA,NA,NA,NA,NA,NA,NA,NA,NA,NA,NA
94219,AnPhA-S216-02,3829,3066,0.8007312614259597,AnPhA,S216,02,345,270.27,F,NA,NA,NA,NA,NA,NA,NA,NA,NA,NA,NA,NA,NA
94240,OcnA-S216-02,3646,2061,0.5652770159078442,OcnA,S216,02,10,10,F,NA,NA,NA,NA,NA,NA,NA,NA,NA,NA,NA,NA,NA
94246,AnPhA-S216-01,3055,2406,0.7875613747954173,AnPhA,S216,01,5,4,M,NA,NA,NA,NA,NA,NA,NA,NA,NA,NA,NA,NA,NA
94251,PhysA-S216-01,3856,3507,0.9094917012448133,PhysA,S216,01,5,5,F,NA,NA,NA,NA,NA,NA,NA,NA,NA,NA,NA,NA,NA
94257,FrScA-S216-01,3250,2452,0.7544615384615385,FrScA,S216,01,30,23.25,F,NA,NA,NA,NA,NA,NA,NA,NA,NA,NA,NA,NA,NA
94288,FrScA-S216-01,4399,2736,0.6219595362582405,FrScA,S216,01,5,5,F,NA,NA,NA,NA,NA,NA,NA,NA,NA,NA,2469.4006,41.15667666666666,0.49617892528095603
94292,FrScA-S216-01,2182,1107,0.5073327222731439,FrScA,S216,01,10,10,F,NA,NA,NA,NA,NA,NA,NA,NA,NA,NA,NA,NA,NA
94319,OcnA-S216-01,2833,2356,0.831627250264737,OcnA,S216,01,15,13,F,NA,NA,NA,NA,NA,NA,NA,NA,NA,NA,NA,NA,NA
94323,OcnA-S216-01,2698,2064,0.765011119347665,OcnA,S216,01,244,20,F,NA,NA,NA,NA,NA,NA,NA,NA,NA,NA,3868.5332,64.47555333333334,1.5448251667417296
94327,OcnA-S216-02,4696,4058,0.8641396933560477,OcnA,S216,02,24,14,M,NA,NA,NA,NA,NA,NA,NA,NA,NA,NA,NA,NA,NA
94331,FrScA-S216-01,2580,2292,0.8883720930232558,FrScA,S216,01,10,7.5,M,NA,NA,NA,NA,NA,NA,NA,NA,NA,NA,1665.1169,27.751948333333335,-0.10662961414780459
94332,FrScA-S216-01,6860,5928,0.8641399416909621,FrScA,S216,01,5,NA,M,NA,NA,NA,NA,NA,NA,NA,NA,NA,NA,791.0503,13.184171666666666,-0.76174025546686
94356,FrScA-S216-01,1987,1162,0.5848012078510317,FrScA,S216,01,235,35,F,NA,NA,NA,NA,NA,NA,NA,NA,NA,NA,1665.1169,27.751948333333335,-0.10662961414780459
94369,FrScA-S216-03,3522,2941,0.8350369108461102,FrScA,S216,03,10,10,F,NA,NA,NA,NA,NA,NA,NA,NA,NA,NA,NA,NA,NA
94370,FrScA-S216-01,8386,5480,0.6534700691628905,FrScA,S216,01,720,494.9,F,NA,NA,NA,NA,NA,NA,NA,NA,NA,NA,1095.1999,18.253331666666668,-0.5337809220328468
94376,FrScA-S216-01,3990,2167,0.5431077694235589,FrScA,S216,01,10,9,M,NA,NA,NA,NA,NA,NA,NA,NA,NA,NA,NA,NA,NA
94400,FrScA-S216-01,5138,4022,0.7827948618139354,FrScA,S216,01,5,5,M,NA,NA,NA,NA,NA,NA,NA,NA,NA,NA,1272.7337,21.212228333333332,-0.40071980109102284
94402,FrScA-S216-01,3560,2016,0.5662921348314607,FrScA,S216,01,20,20,M,NA,NA,NA,NA,NA,NA,NA,NA,NA,NA,1434.3999,23.906664999999997,-0.27955140504246706
94404,FrScA-S216-01,3399,2518,0.7408061194468961,FrScA,S216,01,30,30,F,NA,NA,NA,NA,NA,NA,NA,NA,NA,NA,NA,NA,NA
94419,FrScA-S216-01,6732,5606,0.832739156268568,FrScA,S216,01,10,8,F,NA,NA,NA,NA,NA,NA,NA,NA,NA,NA,1272.7337,21.212228333333332,-0.40071980109102284
94542,AnPhA-S216-02,9657,7899,0.8179558869214042,AnPhA,S216,02,15,NA,F,NA,NA,NA,NA,NA,NA,NA,NA,NA,NA,855.3833,14.256388333333332,-0.7135228394393184
94545,AnPhA-S216-02,3939,2456,0.6235085046966236,AnPhA,S216,02,15,10,M,NA,NA,NA,NA,NA,NA,NA,NA,NA,NA,855.3833,14.256388333333332,-0.7135228394393184
94550,AnPhA-S216-02,1472,1138,0.7730978260869565,AnPhA,S216,02,5,5,F,NA,NA,NA,NA,NA,NA,NA,NA,NA,NA,NA,NA,NA
94556,OcnA-S216-02,3894,3361,0.8631227529532615,OcnA,S216,02,10,10,F,NA,NA,NA,NA,NA,NA,NA,NA,NA,NA,NA,NA,NA
94577,OcnA-S216-02,4222,3130,0.7413548081477973,OcnA,S216,02,10,10,F,NA,NA,NA,NA,NA,NA,NA,NA,NA,NA,NA,NA,NA
94586,FrScA-S216-01,3514,2152,0.6124075128059192,FrScA,S216,01,30,0,F,NA,NA,NA,NA,NA,NA,NA,NA,NA,NA,NA,NA,NA
94590,OcnA-S216-01,3398,2866,0.8434373160682754,OcnA,S216,01,10,5,F,NA,NA,NA,NA,NA,NA,NA,NA,NA,NA,NA,NA,NA
94630,OcnA-S216-01,3793,2732,0.7202741892960717,OcnA,S216,01,15,NA,F,NA,NA,NA,NA,NA,NA,NA,NA,NA,NA,NA,NA,NA
94654,OcnA-S216-01,4135,3062,0.7405078597339783,OcnA,S216,01,10,7.88,F,NA,NA,NA,NA,NA,NA,NA,NA,NA,NA,3475.8,57.93,1.2504726557096357
94661,FrScA-S216-01,2421,1980,0.8178438661710037,FrScA,S216,01,438,399,F,NA,NA,NA,NA,NA,NA,NA,NA,NA,NA,NA,NA,NA
94691,AnPhA-S216-01,4971,3985,0.8016495674914504,AnPhA,S216,01,10,NA,F,NA,NA,NA,NA,NA,NA,NA,NA,NA,NA,NA,NA,NA
94717,OcnA-S216-01,4814,3794,0.788117989198172,OcnA,S216,01,10,NA,M,NA,NA,NA,NA,NA,NA,NA,NA,NA,NA,821.9161,13.698601666666667,-0.7386064187170909
94744,OcnA-S216-01,4092,2589,0.6326979472140762,OcnA,S216,01,50,50,F,NA,NA,NA,NA,NA,NA,NA,NA,NA,NA,NA,NA,NA
94756,FrScA-S216-01,2368,1274,0.5380067567567568,FrScA,S216,01,10,10,F,NA,NA,NA,NA,NA,NA,NA,NA,NA,NA,NA,NA,NA
94805,AnPhA-S216-01,1858,991,0.5333692142088267,AnPhA,S216,01,5,5,F,NA,NA,NA,NA,NA,NA,NA,NA,NA,NA,4438.7165,73.97860833333334,1.972176065783537
94824,FrScA-S216-01,3540,2958,0.8355932203389831,FrScA,S216,01,30,22.42,F,NA,NA,NA,NA,NA,NA,NA,NA,NA,NA,NA,NA,NA
94846,AnPhA-S216-01,3749,2819,0.751933849026407,AnPhA,S216,01,24,20,F,NA,NA,NA,NA,NA,NA,NA,NA,NA,NA,NA,NA,NA
94869,FrScA-S216-01,4260,2949,0.6922535211267605,FrScA,S216,01,5,NA,F,NA,NA,NA,NA,NA,NA,NA,NA,NA,NA,2182.8836,36.381393333333335,0.28143517964554143
94872,AnPhA-S216-01,1626,1224,0.7527675276752768,AnPhA,S216,01,10,5,F,NA,NA,NA,NA,NA,NA,NA,NA,NA,NA,NA,NA,NA
94876,OcnA-S216-02,3716,3018,0.8121636167922497,OcnA,S216,02,5,5,F,NA,NA,NA,NA,NA,NA,NA,NA,NA,NA,NA,NA,NA
94898,AnPhA-S216-02,3235,2378,0.7350850077279752,AnPhA,S216,02,5,NA,F,NA,NA,NA,NA,NA,NA,NA,NA,NA,NA,322.9502,5.382503333333333,-1.1125800618529111
94903,AnPhA-S216-02,4174,3232,0.7743172017249641,AnPhA,S216,02,10,10,M,NA,NA,NA,NA,NA,NA,NA,NA,NA,NA,NA,NA,NA
94956,OcnA-S216-01,3621,2981,0.8232532449599558,OcnA,S216,01,10,NA,F,NA,NA,NA,NA,NA,NA,NA,NA,NA,NA,NA,NA,NA
94970,PhysA-S216-01,3069,2453,0.7992831541218638,PhysA,S216,01,30,27.75,M,NA,NA,NA,NA,NA,NA,NA,NA,NA,NA,NA,NA,NA
95005,FrScA-S216-01,1900,1487,0.7826315789473685,FrScA,S216,01,10,10,F,NA,NA,NA,NA,NA,NA,NA,NA,NA,NA,NA,NA,NA
95014,AnPhA-S216-01,4189,3481,0.8309859154929577,AnPhA,S216,01,5,2.25,M,NA,NA,NA,NA,NA,NA,NA,NA,NA,NA,NA,NA,NA
95017,AnPhA-S216-02,2448,2088,0.8529411764705882,AnPhA,S216,02,37,37,F,NA,NA,NA,NA,NA,NA,NA,NA,NA,NA,NA,NA,NA
95041,AnPhA-S216-02,3258,2455,0.7535297728667895,AnPhA,S216,02,15,10,F,NA,NA,NA,NA,NA,NA,NA,NA,NA,NA,NA,NA,NA
95045,FrScA-S216-01,2876,1346,0.46801112656467314,FrScA,S216,01,5,5,M,NA,NA,NA,NA,NA,NA,NA,NA,NA,NA,NA,NA,NA
95091,OcnA-S216-01,4690,3743,0.7980810234541578,OcnA,S216,01,5,1,M,NA,NA,NA,NA,NA,NA,NA,NA,NA,NA,NA,NA,NA
95114,AnPhA-S216-01,4432,3713,0.8377707581227437,AnPhA,S216,01,10,10,M,NA,NA,NA,NA,NA,NA,NA,NA,NA,NA,NA,NA,NA
95160,AnPhA-S216-02,3004,2671,0.8891478029294274,AnPhA,S216,02,10,NA,F,NA,NA,NA,NA,NA,NA,NA,NA,NA,NA,2773.6164,46.22694,0.7241878754426364
95165,FrScA-S216-01,2131,1800,0.8446738620366026,FrScA,S216,01,5,4.25,F,NA,NA,NA,NA,NA,NA,NA,NA,NA,NA,NA,NA,NA
95264,AnPhA-S216-02,4339,2988,0.6886379350080664,AnPhA,S216,02,237,219.85,M,NA,NA,NA,NA,NA,NA,NA,NA,NA,NA,244.3835,4.073058333333333,-1.1714655989771094
95266,PhysA-S216-01,3498,2790,0.7975986277873071,PhysA,S216,01,10,9,F,NA,NA,NA,NA,NA,NA,NA,NA,NA,NA,NA,NA,NA
95283,AnPhA-S216-01,3288,2475,0.7527372262773723,AnPhA,S216,01,5,3,M,NA,NA,NA,NA,NA,NA,NA,NA,NA,NA,NA,NA,NA
95283,PhysA-S216-01,1516,964,0.6358839050131926,PhysA,S216,01,100,80.5,M,NA,NA,NA,NA,NA,NA,NA,NA,NA,NA,NA,NA,NA
95360,FrScA-S216-01,3335,2503,0.7505247376311844,FrScA,S216,01,10,10,M,NA,NA,NA,NA,NA,NA,NA,NA,NA,NA,NA,NA,NA
95368,OcnA-S216-02,6038,4768,0.789665452136469,OcnA,S216,02,12,12,M,NA,NA,NA,NA,NA,NA,NA,NA,NA,NA,1929.4,32.156666666666666,0.0914498813171727
95375,OcnA-S216-02,4877,3855,0.7904449456633176,OcnA,S216,02,249,221,M,NA,NA,NA,NA,NA,NA,NA,NA,NA,NA,NA,NA,NA
95377,AnPhA-S216-02,4491,3774,0.8403473613894455,AnPhA,S216,02,10,NA,F,NA,NA,NA,NA,NA,NA,NA,NA,NA,NA,NA,NA,NA
95449,FrScA-S216-01,1901,965,0.5076275644397685,FrScA,S216,01,10,10,M,NA,NA,NA,NA,NA,NA,NA,NA,NA,NA,NA,NA,NA
95476,FrScA-S216-02,5342,4566,0.8547360539123924,FrScA,S216,02,10,8,M,NA,NA,NA,NA,NA,NA,NA,NA,NA,NA,NA,NA,NA
95485,FrScA-S216-01,1923,1686,0.8767550702028081,FrScA,S216,01,24,20,M,NA,NA,NA,NA,NA,NA,NA,NA,NA,NA,NA,NA,NA
95504,OcnA-S216-01,5888,4150,0.7048233695652174,OcnA,S216,01,10,10,F,NA,NA,NA,NA,NA,NA,NA,NA,NA,NA,1591.2504,26.52084,-0.16199236360762156
95533,OcnA-S216-01,2735,1915,0.70018281535649,OcnA,S216,01,10,8.25,F,NA,NA,NA,NA,NA,NA,NA,NA,NA,NA,NA,NA,NA
95545,AnPhA-S216-01,2322,1596,0.6873385012919897,AnPhA,S216,01,10,10,F,NA,NA,NA,NA,NA,NA,NA,NA,NA,NA,258.35,4.305833333333334,-1.1609977435848742
95578,PhysA-S216-01,4633,3417,0.7375350744657889,PhysA,S216,01,10,10,F,NA,NA,NA,NA,NA,NA,NA,NA,NA,NA,NA,NA,NA
95594,AnPhA-S216-01,4367,3178,0.727730707579574,AnPhA,S216,01,30,NA,F,NA,NA,NA,NA,NA,NA,NA,NA,NA,NA,NA,NA,NA
95601,AnPhA-S216-01,5230,3330,0.6367112810707457,AnPhA,S216,01,5,5,F,NA,NA,NA,NA,NA,NA,NA,NA,NA,NA,2999.9832,49.99972,0.8938492027617932
95618,AnPhA-S216-01,2950,1911,0.6477966101694915,AnPhA,S216,01,5,2,M,NA,NA,NA,NA,NA,NA,NA,NA,NA,NA,NA,NA,NA
95620,AnPhA-S216-01,4447,2732,0.6143467506183944,AnPhA,S216,01,20,20,M,NA,NA,NA,NA,NA,NA,NA,NA,NA,NA,NA,NA,NA
95621,FrScA-S216-01,2893,2370,0.8192188040096785,FrScA,S216,01,30,30,F,NA,NA,NA,NA,NA,NA,NA,NA,NA,NA,981.7835,16.363058333333335,-0.6187862185858767
95624,OcnA-S216-02,3518,2771,0.7876634451392837,OcnA,S216,02,10,NA,F,NA,NA,NA,NA,NA,NA,NA,NA,NA,NA,NA,NA,NA
95632,FrScA-S216-01,1803,1302,0.7221297836938436,FrScA,S216,01,30,15,F,NA,NA,NA,NA,NA,NA,NA,NA,NA,NA,NA,NA,NA
95633,FrScA-S216-01,4461,3508,0.7863707688859001,FrScA,S216,01,5,10,F,NA,NA,NA,NA,NA,NA,NA,NA,NA,NA,NA,NA,NA
95634,AnPhA-S216-01,2994,2470,0.8249832999331997,AnPhA,S216,01,30,14.25,F,NA,NA,NA,NA,NA,NA,NA,NA,NA,NA,NA,NA,NA
95658,BioA-S216-01,2472,2008,0.8122977346278317,BioA,S216,01,432,381,F,NA,NA,NA,NA,NA,NA,NA,NA,NA,NA,NA,NA,NA
95684,FrScA-S216-01,2972,2354,0.7920592193808883,FrScA,S216,01,5,5,F,NA,NA,NA,NA,NA,NA,NA,NA,NA,NA,644.2667,10.737778333333333,-0.8717541815579837
95707,BioA-S216-01,2699,2381,0.8821785846609855,BioA,S216,01,20,NA,F,NA,NA,NA,NA,NA,NA,NA,NA,NA,NA,1823.8667,30.397778333333335,0.012352947692759747
95725,OcnA-S216-01,3019,2130,0.7055316329910566,OcnA,S216,01,10,8,F,NA,NA,NA,NA,NA,NA,NA,NA,NA,NA,NA,NA,NA
95726,FrScA-S216-01,2287,1883,0.8233493659816353,FrScA,S216,01,10,8,M,NA,NA,NA,NA,NA,NA,NA,NA,NA,NA,NA,NA,NA
95738,OcnA-S216-01,4499,3412,0.758390753500778,OcnA,S216,01,30,28,M,NA,NA,NA,NA,NA,NA,NA,NA,NA,NA,NA,NA,NA
95743,FrScA-S216-01,4054,3055,0.7535767143561914,FrScA,S216,01,5,5,F,NA,NA,NA,NA,NA,NA,NA,NA,NA,NA,1133.2169,18.886948333333333,-0.5052872794991699
95770,OcnA-S216-01,4035,3095,0.7670384138785625,OcnA,S216,01,30,23.25,M,NA,NA,NA,NA,NA,NA,NA,NA,NA,NA,NA,NA,NA
95868,OcnA-S216-02,4288,3024,0.7052238805970149,OcnA,S216,02,10,9,F,NA,NA,NA,NA,NA,NA,NA,NA,NA,NA,NA,NA,NA
95896,FrScA-S216-01,3646,2780,0.7624794295117937,FrScA,S216,01,5,NA,M,NA,NA,NA,NA,NA,NA,NA,NA,NA,NA,NA,NA,NA
95915,AnPhA-S216-01,3969,2319,0.5842781557067271,AnPhA,S216,01,24,10,F,NA,NA,NA,NA,NA,NA,NA,NA,NA,NA,NA,NA,NA
95919,AnPhA-S216-02,3492,2095,0.599942726231386,AnPhA,S216,02,15,14,M,NA,NA,NA,NA,NA,NA,NA,NA,NA,NA,NA,NA,NA
95919,FrScA-S216-02,3048,1892,0.6207349081364829,FrScA,S216,02,10,10,F,NA,NA,NA,NA,NA,NA,NA,NA,NA,NA,1636.5333,27.275555,-0.12805294793862476
95921,OcnA-S216-02,5162,4364,0.8454087562960093,OcnA,S216,02,10,10,M,NA,NA,NA,NA,NA,NA,NA,NA,NA,NA,NA,NA,NA
95923,FrScA-S216-02,2129,1859,0.873179896665101,FrScA,S216,02,30,30,F,NA,NA,NA,NA,NA,NA,NA,NA,NA,NA,NA,NA,NA
95925,FrScA-S216-02,2448,2117,0.8647875816993464,FrScA,S216,02,5,NA,F,NA,NA,NA,NA,NA,NA,NA,NA,NA,NA,NA,NA,NA
95957,AnPhA-S216-01,4442,2606,0.5866726699684827,AnPhA,S216,01,50,50,M,NA,NA,NA,NA,NA,NA,NA,NA,NA,NA,4013.3999,66.88999833333334,1.6534023812729508
95989,FrScA-S216-01,3273,2490,0.7607699358386801,FrScA,S216,01,30,30,F,NA,NA,NA,NA,NA,NA,NA,NA,NA,NA,873.6171,14.560285,-0.6998566538057712
95991,FrScA-S216-01,7694,5228,0.6794905120873408,FrScA,S216,01,438,421,F,NA,NA,NA,NA,NA,NA,NA,NA,NA,NA,377.3498,6.289163333333334,-1.0718077032666202
96027,PhysA-S216-01,2861,2294,0.8018175463124781,PhysA,S216,01,5,4,M,NA,NA,NA,NA,NA,NA,NA,NA,NA,NA,NA,NA,NA
96048,FrScA-S216-04,3733,2561,0.6860433967318511,FrScA,S216,04,443,437,F,NA,NA,NA,NA,NA,NA,NA,NA,NA,NA,NA,NA,NA
96082,FrScA-S216-02,1954,1487,0.7610030706243602,FrScA,S216,02,30,20.33333,F,NA,NA,NA,NA,NA,NA,NA,NA,NA,NA,NA,NA,NA
96090,PhysA-S216-01,3442,2610,0.758280069726903,PhysA,S216,01,5,5,F,NA,NA,NA,NA,NA,NA,NA,NA,NA,NA,262.1667,4.369445,-1.1581371368705549
96121,OcnA-S216-01,2508,1639,0.6535087719298246,OcnA,S216,01,80,NA,M,NA,NA,NA,NA,NA,NA,NA,NA,NA,NA,1591.2504,26.52084,-0.16199236360762156
96134,FrScA-S216-02,2055,1618,0.7873479318734793,FrScA,S216,02,15,10,M,NA,NA,NA,NA,NA,NA,NA,NA,NA,NA,NA,NA,NA
96142,FrScA-S216-02,3750,2699,0.7197333333333333,FrScA,S216,02,597,20.5,F,NA,NA,NA,NA,NA,NA,NA,NA,NA,NA,1548.7666,25.812776666666664,-0.19383386111326983
96189,FrScA-S216-02,1958,1035,0.5286006128702758,FrScA,S216,02,37,25,F,NA,NA,NA,NA,NA,NA,NA,NA,NA,NA,NA,NA,NA
96228,AnPhA-S216-01,4019,3254,0.8096541428215974,AnPhA,S216,01,50,NA,M,NA,NA,NA,NA,NA,NA,NA,NA,NA,NA,NA,NA,NA
96280,FrScA-S216-02,4387,3408,0.7768406656029178,FrScA,S216,02,10,8,M,NA,NA,NA,NA,NA,NA,NA,NA,NA,NA,1250.7833,20.846388333333334,-0.41717156874947103
96345,OcnA-S216-01,2723,2074,0.7616599338964377,OcnA,S216,01,10,10,M,NA,NA,NA,NA,NA,NA,NA,NA,NA,NA,1886.3334,31.43889,0.05917157672867646
96373,OcnA-S216-01,3376,2934,0.8690758293838863,OcnA,S216,01,5,3,F,NA,NA,NA,NA,NA,NA,NA,NA,NA,NA,NA,NA,NA
96374,OcnA-S216-01,2374,1549,0.6524852569502949,OcnA,S216,01,10,10,F,NA,NA,NA,NA,NA,NA,NA,NA,NA,NA,529.2335,8.820558333333334,-0.9579712655021397
96412,OcnA-S216-01,4936,2963,0.6002836304700162,OcnA,S216,01,5,5,M,NA,NA,NA,NA,NA,NA,NA,NA,NA,NA,NA,NA,NA
96414,FrScA-S216-02,3078,2696,0.875893437296946,FrScA,S216,02,5,5,F,NA,NA,NA,NA,NA,NA,NA,NA,NA,NA,2111.8333,35.197221666666664,0.22818316475455772
96433,FrScA-S216-02,4072,2974,0.7303536345776032,FrScA,S216,02,5,5,F,NA,NA,NA,NA,NA,NA,NA,NA,NA,NA,NA,NA,NA
96472,PhysA-S216-01,3497,2415,0.6905919359450958,PhysA,S216,01,5,5,F,NA,NA,NA,NA,NA,NA,NA,NA,NA,NA,NA,NA,NA
96590,PhysA-S216-01,2089,1611,0.7711823839157491,PhysA,S216,01,460,457,F,NA,NA,NA,NA,NA,NA,NA,NA,NA,NA,NA,NA,NA
96640,AnPhA-S216-01,3338,2501,0.7492510485320552,AnPhA,S216,01,5,NA,F,NA,NA,NA,NA,NA,NA,NA,NA,NA,NA,NA,NA,NA
96671,OcnA-S216-01,3572,2412,0.6752519596864501,OcnA,S216,01,10,10,F,NA,NA,NA,NA,NA,NA,NA,NA,NA,NA,NA,NA,NA
96677,AnPhA-S216-01,4372,3074,0.7031107044830741,AnPhA,S216,01,10,10,F,NA,NA,NA,NA,NA,NA,NA,NA,NA,NA,NA,NA,NA
96680,AnPhA-S216-01,3271,2489,0.7609293793946805,AnPhA,S216,01,505,447.84,F,NA,NA,NA,NA,NA,NA,NA,NA,NA,NA,NA,NA,NA
96689,OcnA-S216-01,4489,3301,0.7353530853196703,OcnA,S216,01,24,16,F,NA,NA,NA,NA,NA,NA,NA,NA,NA,NA,529.2335,8.820558333333334,-0.9579712655021397
96690,AnPhA-S216-01,4206,3278,0.7793628150261531,AnPhA,S216,01,20,8,F,NA,NA,NA,NA,NA,NA,NA,NA,NA,NA,2521.2334,42.02055666666667,0.5350274739491724
96720,AnPhA-S216-01,2317,2027,0.8748381527837721,AnPhA,S216,01,10,NA,F,NA,NA,NA,NA,NA,NA,NA,NA,NA,NA,NA,NA,NA
96756,OcnA-S216-01,3771,2441,0.6473084062582869,OcnA,S216,01,5,5,F,NA,NA,NA,NA,NA,NA,NA,NA,NA,NA,NA,NA,NA
96769,FrScA-S216-02,4002,3440,0.8595702148925537,FrScA,S216,02,28,18,M,NA,NA,NA,NA,NA,NA,NA,NA,NA,NA,NA,NA,NA
96808,PhysA-S216-01,2411,1897,0.7868104520945666,PhysA,S216,01,5,5,F,NA,NA,NA,NA,NA,NA,NA,NA,NA,NA,NA,NA,NA
96826,AnPhA-S216-02,2754,2057,0.7469135802469136,AnPhA,S216,02,10,10,F,NA,NA,NA,NA,NA,NA,NA,NA,NA,NA,NA,NA,NA
96841,FrScA-S216-02,2289,1953,0.8532110091743119,FrScA,S216,02,30,30,F,NA,NA,NA,NA,NA,NA,NA,NA,NA,NA,NA,NA,NA
96853,AnPhA-S216-01,2873,2181,0.7591367908109989,AnPhA,S216,01,15,12,M,NA,NA,NA,NA,NA,NA,NA,NA,NA,NA,NA,NA,NA
96854,AnPhA-S216-01,2060,1656,0.8038834951456311,AnPhA,S216,01,5,5,F,NA,NA,NA,NA,NA,NA,NA,NA,NA,NA,NA,NA,NA
96856,OcnA-S216-01,3950,1923,0.48683544303797466,OcnA,S216,01,5,5,F,NA,NA,NA,NA,NA,NA,NA,NA,NA,NA,NA,NA,NA
96867,PhysA-S216-01,4441,2604,0.5863544246791264,PhysA,S216,01,15,15,F,NA,NA,NA,NA,NA,NA,NA,NA,NA,NA,NA,NA,NA
96871,AnPhA-S216-02,1646,1034,0.6281895504252734,AnPhA,S216,02,10,10,F,NA,NA,NA,NA,NA,NA,NA,NA,NA,NA,NA,NA,NA
96950,BioA-S216-01,1997,1342,0.6720080120180271,BioA,S216,01,30,21.75,M,NA,NA,NA,NA,NA,NA,NA,NA,NA,NA,NA,NA,NA
96959,AnPhA-S216-01,7420,6196,0.8350404312668464,AnPhA,S216,01,625,576.21833,F,NA,NA,NA,NA,NA,NA,NA,NA,NA,NA,NA,NA,NA
96994,AnPhA-S216-01,5009,3914,0.7813934917149131,AnPhA,S216,01,28,18,M,NA,NA,NA,NA,NA,NA,NA,NA,NA,NA,NA,NA,NA
97006,OcnA-S216-01,3131,2589,0.8268923666560204,OcnA,S216,01,30,28,F,NA,NA,NA,NA,NA,NA,NA,NA,NA,NA,NA,NA,NA
97150,PhysA-S216-01,2545,1950,0.7662082514734774,PhysA,S216,01,235,120.7,F,NA,NA,NA,NA,NA,NA,NA,NA,NA,NA,NA,NA,NA
97265,PhysA-S216-01,2415,1272,0.5267080745341615,PhysA,S216,01,5,4,M,NA,NA,NA,NA,NA,NA,NA,NA,NA,NA,NA,NA,NA
97272,OcnA-S216-01,4949,4074,0.8231966053748232,OcnA,S216,01,10,NA,F,NA,NA,NA,NA,NA,NA,NA,NA,NA,NA,2449.6827,40.828044999999996,0.4814004105608362
97374,BioA-S216-01,2306,1702,0.73807458803122294,BioA,S216,01,10,10,M,NA,NA,NA,NA,NA,NA,NA,NA,NA,NA,NA,NA,NA
97386,BioA-S216-01,2980,2534,0.8503355704697987,BioA,S216,01,625,459.08333,F,NA,NA,NA,NA,NA,NA,NA,NA,NA,NA,NA,NA,NA
97441,FrScA-S216-02,3418,2863,0.8376243417203043,FrScA,S216,02,10,10,F,NA,NA,NA,NA,NA,NA,NA,NA,NA,NA,NA,NA,NA
