opdata_username,opdata_CourseID,Q1MaincellgroupRow1,Q1MaincellgroupRow2,Q1MaincellgroupRow3,Q1MaincellgroupRow4,Q1MaincellgroupRow5,Q1MaincellgroupRow6,Q1MaincellgroupRow7,Q1MaincellgroupRow8,Q1MaincellgroupRow9,Q1MaincellgroupRow10
_80624_1,FrScA-S116-01,4,4,4,1,5,4,1,5,5,5
_80623_1,BioA-S116-01,4,4,3,2,4,4,2,3,4,2
_82588_1,OcnA-S116-03,NA,NA,NA,NA,NA,NA,NA,NA,NA,NA
_80623_1,AnPhA-S116-01,4,3,3,2,3,3,3,4,2,4
_80624_1,AnPhA-S116-01,NA,NA,NA,NA,NA,NA,NA,NA,NA,NA
_80624_1,AnPhA-S116-02,4,2,2,2,4,4,1,4,4,4
_80624_1,AnPhA-T116-01,NA,NA,NA,NA,NA,NA,NA,NA,NA,NA
_80624_1,BioA-S116-01,5,3,3,1,5,4,1,5,3,4
_80624_1,BioA-T116-01,NA,NA,NA,NA,NA,NA,NA,NA,NA,NA
_80624_1,PhysA-S116-01,4,4,3,2,4,4,2,4,3,3
_80624_1,PhysA-T116-01,4,4,3,1,5,5,2,4,3,5
_80624_1,OcnA-S116-01,5,4,3,1,5,5,1,5,4,4
_80624_1,OcnA-S116-02,4,4,3,1,4,4,1,4,3,4
_80624_1,OcnA-S116-03,3,2,2,3,4,3,3,4,3,3
_80624_1,OcnA-T116-01,5,4,4,1,5,4,1,5,4,5
_80624_1,OcnA-T116-01,5,4,3,2,4,4,3,5,3,4
_80624_1,FrScA-S116-01,NA,NA,NA,NA,NA,NA,NA,NA,NA,NA
_80624_1,FrScA-S116-02,NA,2,NA,NA,NA,NA,NA,NA,NA,NA
_80624_1,FrScA-S116-03,4,4,3,2,4,4,3,5,4,5
_80624_1,FrScA-S116-04,4,4,3,2,4,4,2,4,2,4
_80624_1,FrScA-S116-05,4,3,4,2,4,4,2,4,4,5
_80624_1,FrScA-T116-01,NA,NA,NA,NA,NA,NA,NA,NA,NA,1
_53248_1,AnPhA-S116-01,4,3,3,2,4,4,3,4,3,4
_76185_1,PhysA-S116-01,3,3,3,2,3,3,2,3,3,3
_76185_1,PhysA-S116-01,NA,NA,NA,NA,NA,NA,NA,NA,NA,NA
_85791_1,FrScA-S116-01,3,3,3,3,4,3,3,3,2,2
@X@user.pk_string@X@,@X@course.course_id@X@,NA,NA,NA,NA,NA,NA,NA,NA,NA,NA
_87010_1,FrScA-S116-01,5,3,3,1,4,4,3,5,2,3
_87027_1,FrScA-S116-01,5,5,4,2,4,5,2,5,4,5
_85649_1,FrScA-S116-01,NA,NA,NA,NA,NA,NA,NA,NA,NA,NA
_86216_1,BioA-S116-01,5,3,4,2,5,4,3,5,4,5
_68476_1,OcnA-S116-02,4,4,2,4,3,4,2,4,4,4
_68476_1,OcnA-S116-02,4,4,4,2,4,4,2,4,4,4
_87866_1,FrScA-T116-01,5,4,3,1,4,4,3,3,3,5
_64930_1,FrScA-T116-01,4,3,3,2,4,4,3,4,4,4
_86280_1,FrScA-S116-01,4,3,2,2,4,4,2,4,3,4
_85410_1,OcnA-S116-02,NA,NA,NA,NA,NA,NA,NA,NA,NA,NA
_84632_1,PhysA-T116-01,4,4,4,2,4,NA,NA,NA,NA,NA
_87866_1,FrScA-T116-01,5,3,3,1,4,4,2,5,3,5
_69072_1,FrScA-S116-01,5,3,3,1,4,4,2,4,4,4
_86133_1,OcnA-S116-02,5,3,3,3,5,4,2,5,3,5
_86309_1,FrScA-S116-03,NA,NA,NA,NA,NA,NA,NA,NA,1,NA
_54342_1,OcnA-S116-02,5,3,5,1,5,5,1,5,2,5
_88296_1,PhysA-S116-01,5,4,5,1,5,5,1,5,5,5
_62754_1,PhysA-S116-01,4,3,2,2,3,3,4,3,1,2
_86364_1,FrScA-S116-01,5,4,3,1,5,5,1,5,3,5
_62752_1,PhysA-S116-01,4,3,3,1,3,3,4,4,1,5
_54342_1,OcnA-S116-02,5,4,5,2,5,5,3,4,4,4
_87209_1,OcnA-S116-02,4,3,4,1,5,3,2,5,3,5
_44638_1,OcnA-S116-01,4,4,3,2,4,4,2,5,4,4
_88296_1,PhysA-S116-01,5,3,3,1,5,4,2,5,2,5
_70681_1,BioA-S116-01,NA,NA,NA,NA,NA,NA,NA,NA,NA,NA
_66740_1,OcnA-S116-01,5,2,4,1,5,4,1,5,5,5
_77298_1,FrScA-S116-02,4,3,2,1,5,4,3,5,3,5
_54066_1,OcnA-S116-01,4,5,3,1,5,5,1,4,5,4
_86110_1,BioA-S116-01,5,4,4,1,4,5,1,5,4,5
_85355_1,OcnA-S116-01,5,5,3,1,5,5,1,5,5,5
_67920_1,OcnA-S116-01,5,4,4,1,5,4,1,5,4,5
_87693_1,FrScA-T116-01,4,2,3,2,4,2,2,4,2,4
_79859_1,AnPhA-T116-01,3,4,3,2,4,5,3,5,4,4
_72287_1,FrScA-T116-01,3,2,2,3,4,3,4,3,3,3
_87001_1,OcnA-S116-02,NA,NA,NA,NA,NA,NA,NA,NA,NA,NA
_54346_1,OcnA-S116-01,NA,NA,NA,NA,NA,NA,NA,NA,NA,NA
_70681_1,BioA-S116-01,3,5,4,2,4,5,3,4,4,2
_87001_1,OcnA-S116-02,4,4,4,2,4,4,1,4,3,3
_85567_1,FrScA-S116-02,4,4,3,2,4,4,3,4,3,3
@X@user.pk_string@X@,@X@course.course_id@X@,5,5,5,1,5,5,2,5,5,5
_86758_1,OcnA-S116-01,5,3,4,2,4,4,2,4,4,4
_88166_1,OcnA-S116-02,4,4,3,2,4,4,2,4,3,4
_62157_1,FrScA-S116-02,5,3,3,1,4,3,2,5,3,5
_62157_1,FrScA-S116-02,4,4,3,2,5,3,2,4,4,4
_76840_1,FrScA-S116-01,NA,NA,NA,NA,NA,NA,NA,NA,NA,NA
_76840_1,FrScA-S116-01,5,4,4,1,5,5,2,5,4,5
_68598_1,BioA-S116-01,4,3,2,4,4,2,2,4,2,2
_85662_1,FrScA-S116-01,5,4,4,1,4,3,1,5,4,4
_84645_1,OcnA-T116-01,5,5,5,1,5,5,1,5,5,5
_57188_1,AnPhA-S116-02,3,4,3,1,4,4,2,3,3,3
_87504_1,FrScA-S116-01,NA,NA,NA,NA,NA,NA,NA,NA,NA,NA
_85661_1,FrScA-S116-02,5,3,4,1,5,5,2,5,3,5
_58178_1,OcnA-S116-01,4,4,2,2,4,4,2,4,4,4
_86113_1,BioA-S116-01,3,3,3,3,3,3,4,3,1,4
_86793_1,FrScA-S116-01,NA,NA,NA,NA,NA,NA,NA,NA,NA,NA
_87970_1,OcnA-S116-01,5,4,4,1,4,5,3,4,3,5
_88307_1,OcnA-S116-03,NA,NA,NA,NA,NA,NA,NA,NA,NA,NA
_76891_1,OcnA-S116-01,3,4,3,1,4,5,1,4,2,3
_86113_1,BioA-S116-01,5,5,4,1,4,5,2,5,5,5
_89165_1,FrScA-S116-03,5,3,4,1,5,3,2,5,2,5
_84684_1,OcnA-T116-01,4,2,3,3,4,NA,NA,NA,NA,NA
_86689_1,OcnA-S116-02,NA,NA,NA,NA,NA,NA,NA,NA,NA,NA
_86580_1,BioA-S116-01,5,5,4,1,5,5,1,5,5,5
_76426_1,PhysA-S116-01,1,2,2,3,4,4,1,3,2,1
_88440_1,OcnA-S116-01,4,4,3,1,4,4,1,4,4,4
_77976_1,FrScA-S116-03,5,3,4,1,4,3,1,5,4,5
_87484_1,FrScA-S116-01,4,4,4,1,4,4,1,4,5,5
_57224_1,FrScA-S116-03,4,2,3,1,5,4,3,5,3,4
_66508_1,AnPhA-T116-01,4,4,3,2,4,5,3,4,4,4
_87914_1,FrScA-S116-01,4,4,4,2,5,4,2,4,4,4
_86353_1,PhysA-S116-01,5,5,5,1,5,5,4,5,5,5
_86460_1,OcnA-S116-01,NA,NA,NA,NA,NA,NA,NA,NA,NA,NA
_84757_1,AnPhA-T116-01,NA,NA,NA,NA,NA,NA,NA,NA,NA,NA
_76132_1,AnPhA-T116-01,4,4,2,2,4,4,3,4,4,4
_88340_1,OcnA-T116-01,5,5,5,1,5,5,2,5,5,5
_85390_1,PhysA-S116-01,5,NA,4,1,5,4,1,5,5,4
_85390_1,PhysA-S116-01,NA,NA,NA,NA,NA,NA,NA,NA,NA,NA
_61357_1,FrScA-S116-02,NA,NA,NA,NA,NA,NA,NA,NA,NA,NA
_88261_1,FrScA-S116-01,5,4,3,1,5,4,2,5,4,5
_87093_1,FrScA-S116-01,5,5,4,2,4,5,1,5,4,4
_70408_1,BioA-S116-01,NA,NA,NA,NA,NA,NA,NA,NA,NA,NA
_87081_1,BioA-S116-01,3,3,2,4,3,3,3,2,3,3
_88481_1,PhysA-S116-01,4,4,4,2,4,4,2,4,4,4
_85416_1,FrScA-S116-01,4,4,2,2,4,4,3,4,4,4
_87171_1,PhysA-S116-01,4,4,3,2,4,4,3,4,4,4
_88381_1,PhysA-S116-01,4,5,3,1,5,5,2,4,4,5
_88381_1,PhysA-S116-01,5,2,3,1,5,4,2,5,3,5
_89144_1,FrScA-S116-03,4,5,3,1,4,5,2,5,3,5
_67762_1,FrScA-S116-02,4,3,2,2,4,4,2,4,4,4
@X@user.pk_string@X@,@X@course.course_id@X@,5,4,4,1,4,4,2,4,3,5
_87122_1,OcnA-S116-02,5,4,4,1,4,4,2,4,3,5
_54282_1,OcnA-S116-02,3,3,3,3,4,3,3,3,2,4
_85698_1,FrScA-S116-02,5,4,3,1,4,4,3,3,3,4
_85411_1,AnPhA-S116-01,NA,NA,NA,NA,NA,NA,NA,NA,NA,NA
_84794_1,BioA-T116-01,5,5,5,1,5,5,2,5,5,5
_66693_1,AnPhA-S116-01,4,3,2,2,4,4,2,4,3,4
_88835_1,FrScA-S116-03,4,3,4,2,4,4,2,4,4,4
_88703_1,OcnA-T116-01,5,5,5,1,5,5,1,5,5,5
_85891_1,FrScA-S116-03,NA,NA,NA,NA,NA,NA,NA,NA,NA,NA
_61965_1,BioA-S116-01,NA,NA,NA,NA,NA,NA,NA,NA,NA,NA
@X@user.pk_string@X@,@X@course.course_id@X@,4,3,4,1,5,4,3,5,3,5
_62754_1,PhysA-S116-01,4,3,3,2,4,4,3,5,4,4
_87166_1,AnPhA-S116-01,5,4,3,1,5,5,2,5,4,5
_73132_1,FrScA-S116-03,NA,NA,NA,NA,NA,NA,NA,NA,NA,NA
_87905_1,FrScA-S116-01,5,5,4,2,4,5,2,5,4,5
_62576_1,PhysA-S116-01,3,4,2,2,3,3,2,3,1,4
_88050_1,AnPhA-S116-01,4,4,3,1,4,4,2,4,4,5
_89395_1,PhysA-S116-01,5,4,4,1,4,4,2,4,NA,4
_89295_1,PhysA-S116-01,4,2,1,3,4,4,2,4,4,4
_88168_1,OcnA-S116-02,4,4,4,1,4,4,2,4,4,5
_85700_1,FrScA-S116-03,5,4,3,1,5,4,3,5,4,5
_86432_1,AnPhA-S116-01,5,4,4,1,5,5,1,5,5,5
_89487_1,OcnA-S116-01,5,4,3,2,4,4,3,4,4,5
_85482_1,OcnA-S116-02,5,5,5,NA,5,5,1,5,5,5
_86707_1,AnPhA-S116-02,4,2,3,2,4,3,2,4,1,2
_70408_1,BioA-S116-01,NA,NA,NA,NA,NA,NA,NA,NA,NA,NA
_89376_1,FrScA-S116-03,4,4,3,2,4,4,2,4,4,2
_88153_1,AnPhA-S116-01,5,4,4,1,5,5,1,4,4,5
_88099_1,AnPhA-S116-01,4,3,2,2,4,3,2,4,3,4
_88166_1,OcnA-S116-02,4,4,3,2,4,4,3,4,4,3
_89114_1,OcnA-S116-01,5,3,4,1,5,5,3,5,3,5
_89168_1,FrScA-S116-03,5,3,3,1,4,4,3,5,3,5
@X@user.pk_string@X@,@X@course.course_id@X@,5,3,3,1,4,4,2,4,3,5
_89490_1,PhysA-S116-01,5,4,3,1,5,4,3,5,4,5
_86446_1,AnPhA-S116-01,4,4,3,2,5,3,1,4,3,2
_87122_1,OcnA-S116-02,4,3,3,1,5,4,2,4,3,5
_70068_1,FrScA-S116-03,5,5,5,1,5,5,1,5,5,5
_85574_1,FrScA-S116-03,NA,NA,NA,NA,NA,NA,NA,NA,NA,NA
_88636_1,FrScA-S116-03,5,5,5,1,5,NA,NA,NA,NA,NA
@X@user.pk_string@X@,@X@course.course_id@X@,4,3,3,2,4,3,2,4,2,4
_84684_1,OcnA-T116-01,4,3,4,1,4,4,2,4,3,5
_70532_1,AnPhA-S116-01,4,4,3,2,4,4,3,4,4,5
_86627_1,FrScA-S116-02,4,3,3,2,4,3,3,3,3,3
@X@user.pk_string@X@,@X@course.course_id@X@,3,2,2,3,4,3,2,3,2,3
_57981_1,OcnA-S116-01,4,4,3,2,4,4,3,5,3,4
_67508_1,AnPhA-S116-01,4,3,3,2,4,4,2,4,3,3
_66693_1,AnPhA-S116-01,3,2,3,1,4,4,2,3,3,3
@X@user.pk_string@X@,@X@course.course_id@X@,NA,NA,NA,NA,NA,NA,NA,NA,NA,NA
_77976_1,FrScA-S116-03,4,2,2,2,4,4,3,4,2,4
_78691_1,FrScA-S116-03,NA,NA,NA,NA,NA,NA,NA,NA,NA,NA
_66811_1,AnPhA-S116-01,4,3,2,2,3,5,3,4,4,4
_86429_1,@X@course.course_id@X@,4,3,2,3,3,3,2,3,3,2
_87955_1,OcnA-T116-01,4,3,3,2,4,3,2,4,3,4
_90397_1,AnPhA-S116-02,NA,NA,NA,NA,NA,NA,NA,NA,NA,NA
_90274_1,FrScA-S116-03,5,4,3,1,5,5,2,5,4,4
_85865_1,@X@course.course_id@X@,5,5,4,2,4,5,1,5,4,5
_85929_1,FrScA-S116-01,5,3,3,1,4,4,3,5,3,5
_85323_1,FrScA-S116-01,3,3,2,4,2,4,3,3,2,3
_90516_1,AnPhA-T116-01,4,2,2,2,4,3,3,4,2,4
_89425_1,PhysA-S116-01,5,5,5,1,5,5,2,5,4,5
_87689_1,BioA-T116-01,NA,NA,NA,NA,NA,NA,NA,NA,NA,NA
_85929_1,FrScA-S116-01,3,2,2,3,4,4,2,3,3,4
_85665_1,FrScA-S116-01,4,2,2,3,4,4,2,4,3,3
_85953_1,PhysA-S116-01,3,4,2,2,2,4,2,3,3,2
_85953_1,@X@course.course_id@X@,4,4,4,2,4,4,1,4,4,5
@X@user.pk_string@X@,@X@course.course_id@X@,NA,NA,NA,NA,NA,NA,NA,NA,NA,NA
_88068_1,AnPhA-S116-01,5,4,5,1,4,4,3,4,3,4
_85962_1,PhysA-S116-01,4,3,3,2,4,4,2,4,3,3
_86479_1,AnPhA-S116-01,4,3,3,2,4,4,3,4,3,5
_87805_1,FrScA-S116-01,NA,NA,NA,NA,NA,NA,NA,NA,NA,NA
_86608_1,AnPhA-S116-01,3,2,4,2,3,3,2,4,3,4
_86504_1,AnPhA-S116-01,NA,NA,NA,NA,NA,NA,NA,NA,NA,NA
_85663_1,FrScA-S116-01,5,4,4,1,5,4,2,5,4,5
_86072_1,AnPhA-S116-01,4,4,3,2,4,4,3,5,3,4
_85539_1,FrScA-S116-01,NA,NA,NA,NA,NA,NA,NA,NA,NA,NA
_87489_1,FrScA-S116-01,4,3,3,2,4,4,2,4,3,5
_54434_1,PhysA-S116-01,4,2,2,2,4,4,2,4,2,4
_54434_1,PhysA-S116-01,4,3,2,2,4,4,2,4,3,4
_85663_1,FrScA-S116-01,NA,NA,NA,NA,NA,NA,NA,NA,NA,NA
@X@user.pk_string@X@,@X@course.course_id@X@,4,5,3,2,4,5,2,4,3,4
@X@user.pk_string@X@,@X@course.course_id@X@,4,3,3,2,4,4,3,4,3,4
@X@user.pk_string@X@,@X@course.course_id@X@,4,4,3,2,4,4,2,4,4,4
_86133_1,OcnA-S116-02,NA,NA,NA,NA,NA,NA,NA,NA,NA,NA
_90370_1,FrScA-S116-03,5,5,5,1,5,5,1,5,5,5
_89918_1,AnPhA-S116-01,4,2,2,2,4,3,3,4,3,4
_85650_1,FrScA-S116-01,4,3,2,2,4,4,2,4,4,4
_77010_1,AnPhA-S116-01,NA,NA,NA,NA,NA,NA,NA,NA,NA,NA
_85249_1,AnPhA-S116-01,4,2,3,1,5,3,2,5,3,3
_68768_1,FrScA-S116-02,4,5,4,1,4,5,1,5,4,5
@X@user.pk_string@X@,@X@course.course_id@X@,NA,NA,NA,NA,NA,NA,2,NA,NA,NA
@X@user.pk_string@X@,@X@course.course_id@X@,4,3,3,1,4,3,1,5,2,5
_90090_1,OcnA-S116-02,4,3,3,2,4,3,2,4,3,3
@X@user.pk_string@X@,@X@course.course_id@X@,3,3,3,4,3,5,2,2,2,4
_86484_1,AnPhA-S116-01,4,4,4,2,4,4,2,4,2,4
_86803_1,FrScA-S116-01,NA,NA,NA,NA,NA,NA,NA,NA,NA,NA
_86815_1,FrScA-S116-01,4,5,3,1,4,5,2,5,3,5
_90398_1,AnPhA-S116-02,4,3,2,2,4,4,3,4,3,3
_85573_1,FrScA-S116-03,5,5,5,1,5,5,1,5,5,5
_88527_1,FrScA-S116-01,5,5,3,1,5,4,1,5,5,5
_88282_1,OcnA-T116-01,4,2,3,2,4,3,2,4,3,2
@X@user.pk_string@X@,@X@course.course_id@X@,NA,NA,NA,NA,NA,NA,NA,NA,NA,NA
_86451_1,AnPhA-S116-01,4,3,3,2,4,4,2,4,3,4
_70532_1,AnPhA-S116-01,5,4,4,4,5,4,2,5,3,4
_84685_1,OcnA-T116-01,4,4,3,3,4,4,2,4,4,4
_87906_1,FrScA-S116-01,4,3,3,1,5,4,1,5,3,4
_86353_1,PhysA-S116-01,NA,NA,NA,NA,NA,NA,NA,NA,NA,NA
_79859_1,AnPhA-T116-01,NA,NA,NA,NA,NA,NA,NA,NA,NA,NA
_90562_1,OcnA-S116-01,4,4,4,2,4,4,2,4,2,5
_86353_1,PhysA-S116-01,NA,NA,NA,NA,NA,NA,NA,NA,NA,NA
@X@user.pk_string@X@,@X@course.course_id@X@,4,3,2,4,2,4,1,3,4,4
_70681_1,BioA-S116-01,4,5,4,1,4,5,NA,5,5,3
_85953_1,PhysA-S116-01,4,4,3,2,4,4,2,4,4,4
_49147_1,BioA-S116-01,4,4,3,1,4,4,2,4,3,4
_70408_1,BioA-S116-01,4,4,3,2,4,3,2,4,3,3
_49147_1,BioA-S116-01,5,4,4,1,4,4,2,4,3,5
_79893_1,OcnA-T116-01,4,4,4,2,4,4,2,4,4,4
_49147_1,BioA-S116-01,5,4,3,1,5,3,1,5,4,4
_49147_1,BioA-S116-01,3,3,3,3,3,3,3,3,3,3
_49147_1,BioA-S116-01,4,4,3,1,4,4,3,4,3,4
_49147_1,BioA-S116-01,4,4,4,2,4,4,2,4,4,5
_90397_1,AnPhA-S116-02,5,3,4,1,5,4,1,5,4,5
_90397_1,AnPhA-S116-02,4,3,2,2,4,4,2,4,3,4
_90516_1,AnPhA-T116-01,5,5,5,1,5,5,1,5,5,5
_89435_1,OcnA-S116-01,4,4,4,1,4,3,2,4,4,4
_49147_1,BioA-S116-01,5,5,4,1,5,5,1,5,5,5
_86943_1,OcnA-S116-01,5,4,5,1,5,5,1,5,3,5
_87027_1,FrScA-S116-01,4,3,3,2,4,4,3,4,3,4
_87043_1,AnPhA-S116-01,NA,NA,NA,NA,NA,NA,NA,NA,NA,NA
_85292_1,BioA-S116-01,4,4,3,2,4,4,2,4,4,4
_90274_1,FrScA-S116-03,NA,NA,NA,NA,NA,NA,NA,NA,NA,NA
_49147_1,BioA-S116-01,4,3,3,2,4,3,3,4,3,3
_86113_1,BioA-S116-01,5,3,4,1,5,5,3,5,3,5
_49147_1,BioA-S116-01,4,4,3,2,4,4,2,4,4,3
_49147_1,BioA-S116-01,4,3,3,4,4,4,1,4,2,3
_90861_1,OcnA-S116-01,5,2,3,1,5,4,3,5,2,5
_49147_1,BioA-S116-01,5,4,5,1,5,5,1,5,3,5
_86267_1,AnPhA-S116-01,5,5,3,1,5,5,2,5,5,5
_85704_1,FrScA-S116-03,3,4,2,3,3,4,2,3,2,2
_88501_1,FrScA-S116-01,NA,NA,NA,NA,NA,NA,NA,NA,NA,NA
_88493_1,FrScA-S116-01,4,3,3,2,4,3,2,4,3,3
_76840_1,FrScA-S116-01,NA,NA,NA,NA,NA,NA,NA,NA,NA,NA
_86588_1,AnPhA-S116-01,5,4,5,1,4,4,2,5,4,5
_85792_1,FrScA-S116-01,4,4,3,2,4,5,3,5,3,4
_86792_1,FrScA-S116-01,3,3,2,2,2,5,2,3,4,3
_68188_1,FrScA-S116-01,5,5,4,1,5,5,1,5,5,5
_77246_1,FrScA-S116-01,4,4,2,4,4,4,4,4,4,3
_85431_1,FrScA-S116-01,5,3,4,2,5,5,2,5,4,5
_49147_1,BioA-S116-01,5,5,2,1,5,4,1,5,4,4
_49147_1,BioA-S116-01,1,2,2,4,3,2,2,2,2,1
_49147_1,BioA-S116-01,NA,NA,NA,NA,NA,NA,NA,NA,NA,NA
_89425_1,PhysA-S116-01,4,2,3,2,4,3,3,4,2,2
_86067_1,BioA-S116-01,NA,NA,NA,NA,NA,NA,NA,NA,NA,NA
_86803_1,FrScA-S116-01,5,5,3,1,4,5,2,4,4,4
_85650_1,FrScA-S116-01,NA,NA,NA,NA,NA,NA,NA,NA,NA,NA
_88527_1,FrScA-S116-01,3,5,5,2,4,5,3,3,3,2
_49147_1,BioA-S116-01,4,2,2,2,4,4,2,4,4,4
_88835_1,FrScA-S116-03,4,3,3,2,4,4,2,4,3,3
_49147_1,BioA-S116-01,4,3,3,1,5,4,3,5,3,4
_49147_1,BioA-S116-01,3,3,2,3,3,4,3,3,2,2
_87905_1,FrScA-S116-01,4,3,4,2,5,4,2,5,5,4
_85700_1,FrScA-S116-03,NA,NA,NA,NA,NA,NA,NA,NA,NA,NA
_85668_1,FrScA-S116-01,3,4,2,3,3,4,3,3,2,2
_86340_1,FrScA-S116-01,4,3,3,2,4,3,2,4,2,5
_86271_1,FrScA-S116-01,NA,NA,NA,NA,NA,NA,NA,NA,NA,NA
_87927_1,FrScA-S116-01,3,5,3,3,4,5,2,4,4,3
_88868_1,FrScA-S116-03,5,5,4,1,4,5,3,5,4,5
_49147_1,BioA-S116-01,5,3,5,1,5,5,1,5,3,5
_86476_1,FrScA-S116-01,5,5,4,1,4,4,2,5,3,4
_49147_1,BioA-S116-01,5,4,5,1,5,5,1,5,3,5
_49147_1,BioA-S116-01,3,3,3,3,3,4,3,3,4,3
_85443_1,FrScA-S116-01,5,4,4,1,4,5,3,5,2,5
_89388_1,FrScA-S116-03,4,3,2,2,3,4,2,4,4,4
_86365_1,FrScA-S116-01,5,5,5,2,4,5,1,5,5,5
_86707_1,AnPhA-S116-02,5,4,3,2,4,4,2,4,5,4
_85889_1,BioA-S116-01,5,3,4,1,5,4,1,5,5,5
_49147_1,BioA-S116-01,5,3,3,1,5,3,1,5,4,5
_48797_1,PhysA-S116-01,4,3,3,2,4,4,2,4,NA,3
_49147_1,BioA-S116-01,3,3,3,3,3,4,3,3,4,3
_49147_1,BioA-S116-01,4,4,3,2,4,4,3,4,4,5
_49147_1,BioA-S116-01,4,3,3,2,4,4,3,4,3,3
_49147_1,BioA-S116-01,4,3,3,4,4,4,3,4,3,3
_85579_1,FrScA-S116-01,5,1,3,1,5,5,3,5,3,5
_70037_1,FrScA-S116-01,3,3,3,5,3,4,3,2,2,3
_89300_1,BioA-S116-01,NA,NA,NA,NA,NA,NA,NA,NA,NA,NA
_86543_1,FrScA-S116-01,NA,NA,NA,NA,NA,NA,NA,NA,NA,NA
_87914_1,FrScA-S116-01,5,5,4,2,4,4,2,4,4,4
_89165_1,FrScA-S116-03,4,3,2,2,4,4,2,4,3,2
_91030_1,PhysA-S116-01,4,4,4,2,4,5,1,4,3,4
_61941_1,FrScA-S116-01,4,3,3,2,4,4,2,4,3,4
_78691_1,FrScA-S116-03,NA,NA,NA,NA,NA,NA,NA,NA,NA,NA
_49147_1,BioA-S116-01,4,4,4,2,4,4,1,4,4,4
_71434_1,BioA-S116-01,NA,NA,NA,NA,NA,NA,NA,NA,NA,NA
_86618_1,FrScA-S116-03,4,3,3,1,5,3,2,4,3,4
_86455_1,FrScA-S116-01,4,2,2,2,4,4,2,4,2,4
_49147_1,BioA-S116-01,4,4,3,1,4,5,1,4,4,4
_85662_1,FrScA-S116-01,5,4,4,1,4,3,2,5,3,5
_49147_1,BioA-S116-01,5,3,4,1,5,4,2,5,3,5
_77169_1,BioA-S116-01,5,5,3,2,4,5,2,5,4,5
_86679_1,FrScA-S116-01,4,4,3,2,4,3,2,5,4,5
@X@user.pk_string@X@,@X@course.course_id@X@,5,5,3,1,5,5,2,5,5,5
_49147_1,BioA-S116-01,5,4,5,1,4,5,3,5,2,5
_88641_1,AnPhA-S116-01,4,4,4,1,4,5,2,4,3,4
_86793_1,FrScA-S116-01,4,3,3,2,4,3,2,4,3,4
_89005_1,AnPhA-T116-01,NA,NA,NA,NA,NA,NA,NA,NA,NA,NA
_49147_1,BioA-S116-01,4,3,2,2,4,4,2,4,3,4
_49147_1,BioA-S116-01,5,5,5,5,5,5,1,5,5,5
_86309_1,FrScA-S116-03,NA,NA,NA,NA,NA,NA,NA,NA,NA,NA
_86364_1,FrScA-S116-01,5,5,5,2,5,5,1,5,5,5
_49147_1,BioA-S116-01,4,5,3,1,5,5,1,5,5,4
_91176_1,FrScA-S116-04,NA,NA,NA,NA,NA,NA,NA,NA,NA,NA
_49147_1,BioA-S116-01,5,5,5,1,5,5,1,5,5,5
_49147_1,BioA-S116-01,4,3,3,1,5,4,3,5,NA,5
_90098_1,FrScA-S116-03,5,4,4,1,4,4,1,5,5,5
_49147_1,BioA-S116-01,5,5,3,1,5,5,2,5,5,5
_91340_1,FrScA-S116-02,5,4,5,1,5,2,2,4,4,3
_49147_1,BioA-S116-01,4,3,3,NA,4,4,1,5,3,4
_88307_1,OcnA-S116-03,5,4,3,1,5,5,1,5,4,4
_86280_1,FrScA-S116-01,5,3,4,1,4,4,2,4,3,4
_90253_1,BioA-S116-01,4,3,2,2,3,5,3,4,4,4
_57224_1,FrScA-S116-03,5,4,5,2,5,4,2,5,3,4
_91575_1,PhysA-S116-01,5,3,4,1,5,5,2,5,3,5
_76930_1,AnPhA-S116-02,4,4,3,4,3,4,2,4,4,4
_49147_1,BioA-S116-01,NA,NA,NA,NA,NA,NA,2,NA,NA,NA
_90430_1,BioA-S116-01,4,4,3,2,4,4,2,4,4,4
_49147_1,BioA-S116-01,5,5,5,1,5,5,2,5,5,5
_49147_1,BioA-S116-01,4,4,3,2,4,4,3,4,3,4
_87010_1,FrScA-S116-01,5,5,3,1,5,5,1,5,5,5
_91066_1,BioA-S116-01,NA,NA,NA,NA,NA,NA,NA,NA,NA,NA
_90928_1,OcnA-S116-01,5,4,3,1,4,4,2,4,3,4
_86618_1,FrScA-S116-03,4,4,3,2,5,3,2,4,3,3
_91635_1,OcnA-S116-01,4,4,3,2,4,4,3,4,4,4
_49147_1,BioA-S116-01,4,3,3,2,4,3,3,4,2,3
_49147_1,BioA-S116-01,5,3,4,1,5,4,2,5,4,5
_86339_1,FrScA-S116-01,4,4,3,1,4,4,2,4,3,4
_90370_1,FrScA-S116-03,3,4,5,2,3,4,3,4,2,4
_91633_1,PhysA-S116-01,4,4,4,2,4,4,2,4,4,4
_49147_1,BioA-S116-01,NA,NA,NA,NA,NA,NA,NA,NA,NA,NA
_79596_1,PhysA-S116-01,4,3,2,1,4,4,2,4,3,3
_91624_1,BioA-S116-01,5,4,3,1,4,4,3,4,4,5
_49147_1,BioA-S116-01,5,4,3,1,5,4,1,5,4,5
_49147_1,BioA-S116-01,5,4,4,2,4,3,2,5,4,5
_91173_1,FrScA-S116-01,NA,NA,NA,NA,NA,NA,NA,NA,NA,NA
_49147_1,BioA-S116-01,NA,NA,NA,NA,NA,NA,NA,NA,NA,NA
_88836_1,FrScA-S116-03,5,5,5,1,5,5,1,5,5,5
_90466_1,BioA-S116-01,5,5,5,1,5,5,1,5,5,5
_84640_1,AnPhA-T116-01,4,4,3,2,4,4,2,4,2,4
_85702_1,FrScA-S116-03,5,5,5,1,5,5,1,5,5,5
_49147_1,BioA-S116-01,5,3,4,2,5,5,3,5,3,5
_85704_1,FrScA-S116-03,NA,NA,NA,NA,NA,NA,NA,NA,NA,NA
_86882_1,FrScA-S116-03,4,5,4,2,4,4,2,4,4,5
_86113_1,BioA-S116-01,4,4,4,2,4,4,2,4,3,4
_49147_1,BioA-S116-01,5,4,3,1,4,4,3,5,4,5
_71434_1,BioA-S116-01,4,3,2,1,5,3,1,5,3,4
_90589_1,FrScA-S116-03,4,2,3,2,4,4,3,4,2,4
_49147_1,BioA-S116-01,4,4,4,1,4,4,2,4,4,4
_76132_1,AnPhA-T116-01,4,4,3,2,4,4,2,4,3,4
_49147_1,BioA-S116-01,NA,NA,NA,NA,NA,NA,NA,NA,NA,NA
_49147_1,BioA-S116-01,5,3,3,1,4,4,2,5,3,5
_84641_1,AnPhA-T116-01,NA,NA,NA,NA,NA,NA,NA,NA,NA,NA
_49147_1,BioA-S116-01,5,4,3,2,4,4,1,4,3,3
_49147_1,BioA-S116-01,5,2,4,5,3,3,3,4,3,4
_91300_1,BioA-S116-01,4,3,2,4,2,4,3,4,2,5
_87163_1,FrScA-S116-01,NA,NA,NA,NA,NA,NA,NA,NA,NA,NA
_87552_1,BioA-S116-01,4,3,3,3,4,4,3,4,2,5
_85573_1,FrScA-S116-03,4,5,4,1,4,4,1,5,4,4
_91300_1,BioA-S116-01,4,3,2,2,4,5,1,4,4,4
_91351_1,BioA-S116-01,5,3,4,2,4,3,2,4,3,4
_49147_1,BioA-S116-01,4,3,3,2,4,4,3,4,3,3
_86294_1,AnPhA-S116-01,5,5,5,1,5,5,3,5,5,5
_85866_1,AnPhA-S116-01,3,3,3,4,2,4,4,3,2,2
_86488_1,AnPhA-S116-01,4,4,2,3,3,3,3,2,3,3
_89918_1,AnPhA-S116-01,3,2,2,2,4,4,3,4,2,2
_91818_1,OcnA-S116-01,4,2,4,2,4,4,2,4,4,4
_85583_1,AnPhA-S116-01,4,3,3,2,4,4,2,4,3,4
_49147_1,BioA-S116-01,5,5,5,2,5,5,1,5,5,5
_86275_1,AnPhA-S116-01,4,4,3,2,4,4,3,4,4,4
_87865_1,AnPhA-T116-01,4,5,3,3,3,4,2,4,3,4
_88153_1,AnPhA-S116-01,4,3,4,2,4,3,4,5,3,5
_89194_1,AnPhA-S116-01,5,5,5,1,4,4,2,5,5,5
_69937_1,BioA-S116-01,NA,NA,NA,NA,NA,NA,NA,NA,NA,NA
_90305_1,AnPhA-S116-01,4,4,3,2,4,4,2,4,3,3
_49147_1,BioA-S116-01,5,5,5,1,5,5,1,5,5,5
_86492_1,AnPhA-S116-01,NA,NA,NA,NA,NA,NA,NA,NA,NA,NA
_60186_1,AnPhA-S116-01,5,4,5,1,5,5,1,5,5,5
_49147_1,BioA-S116-01,NA,NA,NA,NA,NA,NA,NA,NA,NA,NA
_88568_1,BioA-S116-01,4,4,4,1,4,5,2,5,3,4
_49147_1,BioA-S116-01,5,5,3,5,3,4,1,5,4,4
_49147_1,BioA-S116-01,5,5,5,1,5,5,1,5,5,5
_49147_1,BioA-S116-01,NA,NA,NA,NA,NA,NA,NA,NA,NA,NA
_91672_1,AnPhA-S116-02,5,4,4,1,5,5,1,5,5,5
_88874_1,FrScA-S116-03,5,4,3,2,4,4,2,4,3,5
_49147_1,BioA-S116-01,4,3,3,2,4,3,2,4,2,4
_91351_1,BioA-S116-01,4,5,3,1,4,5,2,5,3,5
_66862_1,AnPhA-S116-01,4,3,2,2,4,4,2,4,4,4
_90398_1,AnPhA-S116-02,4,3,3,2,4,3,2,4,3,4
_85323_1,FrScA-S116-01,4,3,3,2,4,4,3,4,4,5
_85433_1,FrScA-S116-01,3,4,2,3,3,4,3,3,4,4
_49147_1,BioA-S116-01,3,2,3,3,3,3,3,4,3,3
_88050_1,AnPhA-S116-01,4,4,3,2,4,4,3,4,3,4
_49147_1,BioA-S116-01,5,4,5,2,5,5,2,4,4,5
_88075_1,FrScA-S116-04,3,5,3,2,3,4,3,4,4,4
_91611_1,BioA-S116-01,NA,NA,NA,NA,NA,NA,NA,NA,NA,NA
_49147_1,BioA-S116-01,4,2,3,1,4,2,1,5,2,4
_90095_1,FrScA-S116-01,5,2,4,5,4,2,1,4,2,4
_90855_1,FrScA-S116-03,4,4,3,1,4,4,3,4,4,4
_91818_1,OcnA-S116-01,5,5,3,1,5,5,3,5,5,5
_49147_1,BioA-S116-01,5,3,4,1,5,3,2,5,3,4
_49147_1,BioA-S116-01,5,3,4,2,4,3,2,3,3,4
_49147_1,BioA-S116-01,3,2,2,4,NA,2,3,2,2,2
_90971_1,AnPhA-S116-02,4,5,4,1,5,5,2,4,4,5
_90971_1,AnPhA-S116-02,5,4,3,2,5,5,2,4,3,4
_88886_1,FrScA-S116-03,5,5,5,5,5,5,5,5,5,5
_90097_1,FrScA-S116-03,4,3,3,2,4,4,3,4,3,5
_85539_1,FrScA-S116-01,4,3,3,2,4,3,2,4,3,3
_49147_1,BioA-S116-01,NA,NA,NA,NA,NA,NA,NA,NA,NA,NA
_89395_1,PhysA-S116-01,4,2,NA,3,4,3,2,3,1,1
_52446_1,PhysA-S116-01,3,3,3,3,3,4,3,3,3,3
_49147_1,BioA-S116-01,4,4,3,1,4,4,2,4,4,5
_84749_1,AnPhA-T116-01,5,4,4,4,4,4,4,5,4,4
_90395_1,AnPhA-S116-02,4,4,4,2,4,4,3,4,4,5
_49147_1,BioA-S116-01,4,4,4,2,5,4,2,5,4,4
_90430_1,BioA-S116-01,5,3,4,1,5,4,2,5,4,5
_90326_1,PhysA-S116-01,5,4,4,1,5,3,1,5,4,5
_49147_1,BioA-S116-01,4,4,3,1,4,4,2,4,3,4
_91067_1,BioA-S116-01,4,3,3,2,4,4,3,4,3,3
_86277_1,AnPhA-S116-01,4,3,4,2,4,4,3,4,4,5
_85791_1,FrScA-S116-01,NA,NA,NA,NA,NA,NA,NA,NA,NA,NA
_91477_1,FrScA-S116-04,5,5,4,1,4,4,1,5,4,5
_49147_1,BioA-S116-01,5,5,4,1,5,5,2,5,4,5
_85433_1,FrScA-S116-01,5,4,4,1,5,5,1,5,5,5
_85432_1,FrScA-S116-01,5,5,4,1,5,5,2,5,4,5
_49147_1,BioA-S116-01,4,3,4,2,4,3,2,4,3,3
_91821_1,PhysA-S116-01,3,4,2,3,4,5,2,4,4,3
_91818_1,OcnA-S116-01,NA,NA,NA,NA,NA,NA,NA,NA,NA,NA
_49147_1,BioA-S116-01,NA,NA,NA,NA,NA,NA,NA,NA,NA,NA
_65627_1,AnPhA-S116-02,NA,NA,NA,NA,NA,NA,NA,NA,NA,NA
_86707_1,AnPhA-S116-02,NA,NA,NA,NA,NA,NA,NA,NA,NA,NA
_49147_1,BioA-S116-01,5,5,5,1,5,5,1,5,5,5
_86815_1,FrScA-S116-01,NA,NA,NA,NA,NA,NA,NA,NA,NA,NA
_49147_1,BioA-S116-01,4,4,3,2,3,3,2,4,4,4
_91619_1,AnPhA-S116-02,4,2,2,2,4,4,2,4,4,4
_88307_1,OcnA-S116-03,3,3,3,3,3,4,3,3,4,3
_90399_1,AnPhA-S116-02,4,4,2,3,3,4,4,3,4,4
_49147_1,BioA-S116-01,4,3,3,2,4,4,3,4,4,5
_90372_1,FrScA-S116-03,5,4,3,1,5,5,2,5,5,5
_49147_1,BioA-S116-01,4,4,3,2,4,4,2,4,3,4
_49147_1,BioA-S116-01,5,5,4,1,5,5,2,5,5,5
_85930_1,FrScA-S116-01,NA,NA,NA,NA,NA,NA,NA,NA,NA,NA
_49147_1,BioA-S116-01,5,4,4,1,5,4,5,3,3,4
_49147_1,BioA-S116-01,5,5,4,1,5,5,2,5,5,5
_49147_1,BioA-S116-01,5,5,4,4,5,5,3,5,4,5
_92214_1,FrScA-S116-01,5,5,4,1,4,4,2,4,4,4
_49147_1,BioA-S116-01,4,3,2,2,3,3,3,4,2,3
_49147_1,BioA-S116-01,3,4,4,2,4,5,2,3,3,3
_86286_1,AnPhA-S116-01,5,5,4,1,5,5,1,5,5,5
_86709_1,FrScA-S116-01,NA,NA,NA,NA,NA,NA,NA,NA,NA,NA
_87579_1,FrScA-S116-01,3,3,3,3,4,4,3,3,2,3
_49147_1,BioA-S116-01,5,5,5,1,5,5,1,5,5,5
_91065_1,AnPhA-S116-02,4,4,2,3,3,4,2,3,2,1
_85970_1,AnPhA-S116-01,3,2,3,2,4,4,3,3,4,3
_91634_1,AnPhA-S116-02,5,4,3,1,5,5,1,5,4,5
_55283_1,FrScA-S116-01,4,2,3,2,3,3,3,4,3,4
_53447_1,FrScA-S116-01,4,3,3,2,4,3,3,4,2,5
_49147_1,BioA-S116-01,3,4,3,2,4,5,3,3,3,3
_49147_1,BioA-S116-01,4,4,3,1,4,4,2,4,4,4
_49147_1,BioA-S116-01,5,4,4,1,5,5,3,5,5,4
_92152_1,BioA-S116-01,5,3,3,1,5,4,3,4,3,5
_92152_1,BioA-S116-01,5,5,3,1,4,4,2,5,5,4
_92143_1,FrScA-S116-01,5,3,3,1,4,3,1,5,4,5
_88995_1,AnPhA-T116-01,3,NA,3,3,4,3,3,3,3,4
_49147_1,BioA-S116-01,4,2,2,3,4,3,2,4,2,5
_91771_1,AnPhA-S116-02,4,4,4,2,5,4,2,5,4,5
_90878_1,FrScA-S116-03,NA,NA,NA,NA,NA,NA,NA,NA,NA,NA
_49147_1,BioA-S116-01,4,3,3,1,5,5,2,5,4,4
_49147_1,BioA-S116-01,5,3,4,2,5,4,2,5,4,5
_91932_1,AnPhA-S116-02,5,4,5,1,5,5,1,5,3,5
_92021_1,OcnA-S116-02,5,5,4,2,4,4,2,4,4,4
_49147_1,BioA-S116-01,4,2,2,2,4,4,2,4,4,4
_49147_1,BioA-S116-01,NA,NA,NA,NA,NA,NA,NA,NA,NA,NA
_49147_1,BioA-S116-01,5,3,3,1,5,3,1,5,3,5
_88381_1,PhysA-S116-01,NA,NA,NA,NA,NA,NA,NA,NA,NA,NA
_49147_1,BioA-S116-01,5,4,4,1,4,4,1,4,4,5
_49147_1,BioA-S116-01,5,3,3,1,5,4,3,5,3,5
_88501_1,FrScA-S116-01,5,4,3,1,5,3,1,5,3,5
_87489_1,FrScA-S116-01,4,4,3,2,4,4,2,4,4,4
_49147_1,BioA-S116-01,4,4,3,2,4,4,3,4,4,4
_49147_1,BioA-S116-01,4,3,3,2,4,4,1,4,3,4
_49147_1,BioA-S116-01,4,4,4,1,4,4,1,4,4,4
_49147_1,BioA-S116-01,5,3,3,2,4,3,3,4,2,3
_49147_1,BioA-S116-01,3,2,3,2,4,2,1,4,2,3
_49147_1,BioA-S116-01,5,2,3,5,3,2,1,5,4,5
_91319_1,AnPhA-S116-02,4,3,3,2,4,3,3,5,3,4
_49147_1,BioA-S116-01,4,4,5,1,5,5,3,5,3,4
_49147_1,BioA-S116-01,4,4,3,3,3,4,3,4,4,4
_91320_1,AnPhA-S116-02,3,2,3,3,3,1,2,3,2,2
_49147_1,BioA-S116-01,4,2,2,2,4,4,2,4,2,4
_49147_1,BioA-S116-01,5,5,4,1,5,5,1,5,5,5
_91471_1,FrScA-S116-01,4,4,3,2,4,5,1,4,4,5
_49147_1,BioA-S116-01,5,5,5,1,5,5,1,5,5,5
_49147_1,BioA-S116-01,5,3,4,1,5,4,2,5,4,5
_49147_1,BioA-S116-01,5,1,4,5,3,1,1,4,1,5
_49147_1,BioA-S116-01,5,4,3,2,5,3,2,5,3,5
_49147_1,BioA-S116-01,NA,NA,NA,NA,NA,NA,NA,NA,NA,NA
_89425_1,PhysA-S116-01,4,2,2,2,3,3,3,4,2,3
_90333_1,PhysA-S116-01,4,2,2,1,5,3,1,5,3,5
_49147_1,BioA-S116-01,5,3,4,1,4,4,NA,4,3,4
_89142_1,AnPhA-S116-01,4,3,3,2,5,5,1,5,4,3
_49147_1,BioA-S116-01,5,4,5,1,5,5,2,5,4,5
_79220_1,AnPhA-S116-02,4,2,2,2,4,3,2,4,2,4
_91175_1,AnPhA-S116-02,5,3,3,1,5,4,3,5,3,5
_49147_1,BioA-S116-01,5,4,3,2,5,5,1,5,4,5
_90956_1,AnPhA-S116-02,4,4,3,2,4,4,2,4,4,3
_49147_1,BioA-S116-01,4,4,4,2,4,4,1,4,3,2
_49147_1,BioA-S116-01,4,4,3,2,4,4,3,4,4,4
_57489_1,PhysA-S116-01,3,2,2,2,4,4,3,4,4,3
_49147_1,BioA-S116-01,5,4,4,1,5,5,2,5,4,5
_89490_1,PhysA-S116-01,5,4,3,1,5,4,1,5,4,5
_85487_1,OcnA-S116-02,4,3,4,2,4,4,2,4,5,4
_49147_1,BioA-S116-01,NA,NA,NA,NA,NA,NA,NA,NA,NA,NA
_49147_1,BioA-S116-01,NA,NA,NA,NA,NA,NA,NA,NA,NA,NA
_91066_1,BioA-S116-01,4,4,2,4,3,4,3,3,2,3
_89128_1,FrScA-S116-01,4,4,4,2,4,4,2,4,3,4
_91471_1,FrScA-S116-01,4,4,3,2,4,4,2,4,4,4
_49147_1,BioA-S116-01,4,2,3,3,4,2,1,4,4,5
_49147_1,BioA-S116-01,4,4,4,2,4,4,2,4,4,4
_49147_1,BioA-S116-01,4,4,2,1,4,4,2,4,4,5
_85701_1,FrScA-S116-03,NA,NA,NA,NA,NA,NA,NA,NA,NA,NA
_90396_1,AnPhA-S116-02,5,5,3,2,4,5,2,5,4,5
_49147_1,BioA-S116-01,5,3,5,1,5,3,1,5,4,5
_49147_1,BioA-S116-01,NA,NA,NA,NA,NA,NA,NA,NA,NA,NA
_49147_1,BioA-S116-01,3,2,3,3,3,NA,NA,NA,NA,NA
_49147_1,BioA-S116-01,5,5,4,1,5,5,1,5,4,5
_76133_1,PhysA-S116-01,5,4,3,2,4,4,2,4,3,4
_91709_1,AnPhA-S116-02,5,4,3,1,5,4,2,5,4,5
_92214_1,FrScA-S116-01,5,4,5,1,5,5,2,5,4,5
_86202_1,BioA-S116-01,4,3,3,1,5,5,2,5,3,5
_86455_1,FrScA-S116-01,5,3,2,1,5,3,1,5,4,5
_86455_1,FrScA-S116-01,4,4,3,2,4,4,2,4,4,4
_49147_1,BioA-S116-01,5,5,4,1,5,5,2,5,5,5
_90995_1,AnPhA-S116-02,5,4,5,1,5,5,1,5,5,5
_49147_1,BioA-S116-01,NA,NA,NA,NA,NA,NA,NA,NA,NA,NA
_49147_1,BioA-S116-01,4,4,4,2,4,4,1,4,4,4
_49147_1,BioA-S116-01,NA,NA,NA,NA,NA,NA,NA,NA,NA,NA
_89295_1,PhysA-S116-01,5,3,4,2,4,3,2,4,3,3
_87484_1,FrScA-S116-01,3,4,2,3,3,4,2,3,3,3
_57188_1,AnPhA-S116-02,5,4,4,1,5,5,1,5,5,5
_49147_1,BioA-S116-01,3,3,2,4,3,3,3,3,2,3
_88091_1,PhysA-S116-01,4,2,2,2,3,3,3,4,2,3
_92185_1,AnPhA-S116-02,4,3,3,1,4,4,3,4,3,5
_49147_1,BioA-S116-01,4,5,3,2,4,4,2,4,3,4
_74551_1,PhysA-S116-01,5,2,3,1,5,4,2,5,3,5
_74551_1,PhysA-S116-01,5,5,5,1,5,5,1,5,5,5
_49147_1,BioA-S116-01,4,3,4,2,5,4,2,4,4,4
_49147_1,BioA-S116-01,5,3,2,3,5,4,2,5,2,4
_49147_1,BioA-S116-01,3,2,1,4,2,1,3,1,1,2
_55140_1,PhysA-S116-01,4,3,3,2,4,3,3,4,2,3
_88409_1,FrScA-S116-03,5,4,4,1,4,3,2,4,3,4
_70192_1,AnPhA-S116-02,4,3,3,2,4,3,3,5,2,5
_49147_1,BioA-S116-01,4,3,3,2,4,4,2,5,3,4
_86314_1,AnPhA-S116-02,3,1,1,3,2,1,4,3,1,2
_55283_1,FrScA-S116-01,4,3,4,2,4,3,2,4,3,3
_87489_1,FrScA-S116-01,4,3,4,2,5,3,3,5,3,5
_49147_1,BioA-S116-01,5,5,5,1,5,5,1,5,5,5
_49147_1,BioA-S116-01,NA,NA,NA,NA,NA,NA,NA,NA,NA,NA
_85651_1,FrScA-S116-01,NA,NA,NA,NA,NA,NA,NA,NA,NA,NA
_90253_1,BioA-S116-01,4,3,4,2,4,3,3,4,3,4
_91619_1,AnPhA-S116-02,4,5,5,1,4,5,2,4,4,5
_86794_1,FrScA-S116-01,NA,NA,NA,NA,NA,NA,NA,NA,NA,NA
_86882_1,FrScA-S116-03,NA,NA,NA,NA,NA,NA,NA,NA,NA,NA
_56152_1,AnPhA-S116-02,3,2,4,2,5,3,2,5,3,3
_87485_1,FrScA-S116-01,4,3,3,3,3,3,2,3,3,2
_91574_1,AnPhA-S116-02,4,4,3,1,4,4,2,4,3,4
_92510_1,BioA-S116-01,4,3,2,3,3,2,3,4,2,2
_92741_1,PhysA-S116-01,5,4,5,1,5,4,1,5,5,5
_49147_1,BioA-S116-01,4,2,3,2,5,2,2,5,3,5
_86130_1,BioA-S116-01,4,3,3,2,4,3,3,4,3,4
_70068_1,FrScA-S116-03,5,5,5,1,5,5,1,5,5,5
_87914_1,FrScA-S116-01,3,2,3,3,4,3,4,3,3,4
_49147_1,BioA-S116-01,4,4,3,2,4,3,2,4,4,4
_92740_1,PhysA-S116-01,4,2,4,2,4,3,2,4,3,4
@X@user.user_id@X@,@X@course.course_id@X@,NA,NA,NA,NA,NA,NA,NA,NA,NA,NA
_92604_1,FrScA-S116-03,4,3,3,1,5,4,3,5,4,5
@X@user.user_id@X@,@X@course.course_id@X@,5,4,4,1,4,4,2,4,4,5
_90995_1,BioA-S116-01,4,4,5,2,4,4,3,4,4,5
_49147_1,BioA-S116-01,5,5,5,1,5,5,2,5,5,5
_92604_1,FrScA-S116-03,5,4,4,1,4,4,2,5,4,5
_92725_1,PhysA-S116-01,4,4,3,2,4,4,2,4,4,2
_92724_1,PhysA-S116-01,4,3,2,2,NA,3,NA,4,3,3
_92733_1,PhysA-S116-01,5,3,4,1,4,4,3,4,3,5
_87171_1,PhysA-S116-01,5,4,3,1,5,4,1,5,5,5
_85522_1,PhysA-S116-01,3,2,2,2,3,3,3,4,3,4
_92743_1,PhysA-S116-01,2,2,3,5,3,1,4,1,1,3
_49147_1,BioA-S116-01,3,2,2,3,4,2,4,4,3,3
_92511_1,PhysA-S116-01,5,5,2,1,4,5,2,4,4,4
_79128_1,PhysA-S116-01,4,3,2,1,4,5,2,4,5,3
_89128_1,FrScA-S116-01,5,3,4,1,5,4,1,5,5,5
_92727_1,PhysA-S116-01,4,5,3,1,4,5,2,4,3,4
_90433_1,FrScA-S116-01,4,3,3,2,3,3,4,4,2,3
_92729_1,PhysA-S116-01,3,2,2,2,4,3,2,3,1,2
_91574_1,AnPhA-S116-02,4,3,3,2,4,3,2,4,2,4
_49147_1,BioA-S116-01,5,4,3,2,5,5,2,5,4,4
_92726_1,PhysA-S116-01,5,5,3,2,4,4,3,4,3,4
_92729_1,PhysA-S116-01,4,4,3,2,4,4,2,4,4,4
_79352_1,PhysA-S116-01,5,5,3,1,5,5,1,5,5,5
_92606_1,BioA-S116-01,5,5,4,1,5,5,2,5,5,5
_49147_1,BioA-S116-01,4,4,3,2,4,5,1,4,4,4
_92732_1,PhysA-S116-01,5,3,4,1,4,3,3,5,5,NA
_87955_1,OcnA-T116-01,4,5,3,2,4,5,2,4,4,5
_92633_1,BioA-S116-01,5,3,3,2,4,3,2,4,3,3
_90855_1,FrScA-S116-03,4,4,5,1,4,3,1,4,4,4
_86119_1,AnPhA-S116-01,4,4,3,1,4,4,2,4,4,4
_49147_1,BioA-S116-01,5,4,3,2,4,4,2,4,3,4
_91038_1,PhysA-S116-01,4,4,4,1,4,4,1,4,4,3
_49147_1,BioA-S116-01,NA,NA,NA,NA,NA,NA,NA,NA,NA,NA
_91574_1,AnPhA-S116-02,NA,NA,NA,NA,NA,NA,NA,NA,NA,NA
_49147_1,BioA-S116-01,3,4,2,2,3,4,2,3,3,3
_86105_1,FrScA-S116-01,NA,NA,NA,NA,NA,NA,NA,NA,NA,NA
_86130_1,BioA-S116-01,5,5,3,1,4,4,3,4,4,4
_87171_1,PhysA-S116-01,4,3,3,2,4,5,2,4,4,4
_49147_1,BioA-S116-01,5,5,5,2,5,4,2,4,4,4
_88568_1,BioA-S116-01,5,5,4,1,5,4,2,5,3,4
_93993_1,BioA-S216-01,NA,NA,NA,NA,NA,NA,NA,NA,NA,NA
_66689_1,FrScA-S216-01,4,4,3,2,4,4,2,4,3,4
_76840_1,AnPhA-S216-01,4,2,3,2,4,2,1,4,2,2
_94370_1,FrScA-S216-01,4,4,4,1,4,4,2,4,3,4
_66689_1,FrScA-S216-01,5,2,4,1,5,5,2,5,3,5
_71415_1,FrScA-S216-01,5,2,4,1,5,4,1,5,5,5
_87861_1,FrScA-S216-01,4,2,2,3,4,3,3,4,2,2
_86296_1,OcnA-S216-01,4,3,3,2,4,3,2,4,2,5
_94404_1,FrScA-S216-01,5,5,3,1,5,5,2,5,3,5
_76674_1,AnPhA-S216-01,NA,NA,NA,NA,NA,NA,NA,NA,NA,NA
_95165_1,FrScA-S216-01,5,2,5,1,5,4,1,5,5,5
_69743_1,AnPhA-S216-01,5,4,5,1,4,4,1,4,4,5
_94288_1,FrScA-S216-01,NA,NA,NA,NA,NA,NA,NA,NA,NA,NA
_94404_1,FrScA-S216-01,5,4,4,1,4,5,2,5,5,5
_94156_1,FrScA-S216-01,4,4,2,2,4,3,3,4,4,4
_95114_1,AnPhA-S216-01,5,1,4,1,5,4,1,5,2,NA
_94542_1,AnPhA-S216-02,NA,NA,NA,NA,NA,NA,NA,NA,NA,NA
_94219_1,AnPhA-S216-02,NA,NA,NA,NA,NA,NA,NA,NA,NA,NA
_94257_1,FrScA-S216-01,4,4,3,1,4,4,2,4,3,4
_69182_1,FrScA-S216-01,5,4,4,1,5,4,1,5,5,5
_95045_1,FrScA-S216-01,4,4,3,2,4,4,2,4,2,4
_94070_1,FrScA-S216-01,3,2,4,3,4,4,4,3,5,4
_94970_1,PhysA-S216-01,5,4,3,1,5,4,2,5,4,5
_88854_1,FrScA-S216-01,4,4,3,2,3,4,2,4,5,4
_67463_1,FrScA-S216-01,4,3,3,2,4,4,3,4,4,5
_94590_1,OcnA-S216-01,5,4,3,1,5,5,2,5,4,5
_94846_1,AnPhA-S216-01,4,2,3,2,4,4,3,3,2,3
_95264_1,AnPhA-S216-02,NA,NA,NA,NA,NA,NA,NA,NA,NA,NA
_76673_1,AnPhA-S216-01,NA,NA,NA,NA,NA,NA,NA,NA,NA,NA
_85287_1,FrScA-S216-01,5,4,4,2,5,5,NA,5,4,4
_86490_1,FrScA-S216-01,5,4,4,1,4,4,1,4,4,4
_95264_1,AnPhA-S216-02,5,3,4,1,5,4,2,5,4,5
_89345_1,FrScA-S216-01,NA,NA,NA,NA,NA,NA,NA,NA,NA,NA
_94903_1,AnPhA-S216-02,5,4,4,1,5,4,2,5,3,5
_54567_1,OcnA-S216-02,4,4,3,1,4,4,1,4,4,4
_77190_1,FrScA-S216-01,NA,NA,NA,NA,NA,NA,NA,NA,NA,NA
_89333_1,FrScA-S216-01,5,3,4,1,5,4,1,5,4,5
_94824_1,FrScA-S216-01,4,3,3,4,4,3,1,4,5,4
_86836_1,FrScA-S216-01,2,2,2,5,3,2,1,2,2,3
_67013_1,AnPhA-S216-01,4,3,4,2,3,3,1,4,3,3
_86942_1,AnPhA-S216-01,5,4,3,1,4,4,2,3,3,5
_88612_1,AnPhA-S216-01,NA,NA,NA,NA,NA,NA,NA,NA,NA,NA
_85659_1,FrScA-S216-01,4,3,3,1,4,5,1,5,3,3
_65116_1,FrScA-S216-01,5,4,4,1,5,4,1,5,5,5
_69397_1,FrScA-S216-01,4,4,3,2,4,5,3,5,3,5
_94805_1,AnPhA-S216-01,5,3,4,1,4,5,1,5,4,4
_94545_1,AnPhA-S216-02,5,5,5,1,5,5,1,5,5,5
_55078_1,FrScA-S216-01,NA,NA,NA,NA,NA,NA,NA,NA,NA,NA
_95160_1,AnPhA-S216-02,NA,NA,NA,NA,NA,NA,NA,NA,NA,NA
_94556_1,OcnA-S216-02,3,4,3,2,4,4,3,4,4,4
_94135_1,FrScA-S216-01,5,5,4,1,5,5,2,4,4,5
_95014_1,AnPhA-S216-01,NA,NA,NA,NA,NA,NA,NA,NA,NA,NA
_86515_1,FrScA-S216-01,5,4,3,2,4,4,2,5,2,4
_94550_1,AnPhA-S216-02,5,4,4,2,5,5,3,5,4,5
_85796_1,FrScA-S216-01,4,4,3,1,4,4,2,4,3,4
_94240_1,OcnA-S216-02,4,3,2,2,3,3,4,4,1,2
_94717_1,OcnA-S216-01,NA,NA,NA,NA,NA,NA,NA,NA,NA,NA
_95624_1,OcnA-S216-02,5,3,2,3,4,3,2,4,3,3
_68795_1,FrScA-S216-01,4,4,4,1,4,4,1,5,4,4
_94189_1,PhysA-S216-01,4,4,5,3,4,4,4,3,4,4
_94577_1,OcnA-S216-02,5,5,5,1,5,5,1,5,5,5
_94370_1,FrScA-S216-01,4,4,4,2,4,4,2,4,4,4
_94419_1,FrScA-S216-01,4,3,4,2,4,4,2,4,3,4
_85642_1,FrScA-S216-01,5,3,4,1,4,4,3,4,4,5
_94744_1,OcnA-S216-01,5,3,4,1,5,4,2,5,3,4
_77980_1,FrScA-S216-02,4,3,2,4,4,3,2,4,3,2
_86268_1,AnPhA-S216-01,NA,NA,NA,NA,NA,NA,NA,NA,NA,NA
_88979_1,AnPhA-S216-02,NA,NA,NA,NA,NA,NA,NA,NA,NA,NA
_94251_1,PhysA-S216-01,4,5,3,2,4,4,2,4,4,5
_90989_1,FrScA-S216-01,4,2,3,2,4,3,2,3,3,4
_85248_1,AnPhA-S216-01,NA,NA,NA,NA,NA,NA,NA,NA,NA,NA
_86296_1,OcnA-S216-01,4,3,4,2,4,3,2,4,3,4
_94402_1,FrScA-S216-01,4,3,3,2,5,3,1,5,3,5
_95283_1,AnPhA-S216-01,NA,NA,NA,NA,NA,NA,NA,NA,NA,NA
_85644_1,FrScA-S216-01,NA,NA,NA,NA,NA,NA,NA,NA,NA,NA
_58168_1,AnPhA-S216-01,5,5,5,NA,5,5,1,5,4,5
_95621_1,FrScA-S216-01,NA,NA,NA,NA,NA,NA,NA,NA,NA,NA
_95266_1,PhysA-S216-01,5,4,5,1,5,5,2,5,3,5
_88845_1,FrScA-S216-01,4,5,3,2,4,4,2,4,3,3
_76840_1,AnPhA-S216-01,2,2,2,3,4,4,3,4,4,3
_94356_1,FrScA-S216-01,4,3,4,2,4,3,3,4,3,5
_88474_1,OcnA-S216-01,4,4,3,2,4,4,3,4,3,3
_94356_1,FrScA-S216-01,4,3,3,2,4,3,2,4,3,4
_86349_1,FrScA-S216-01,4,4,2,2,3,3,3,4,3,4
_91252_1,OcnA-S216-02,4,3,3,1,5,3,2,5,4,4
_90029_1,FrScA-S216-01,NA,NA,NA,NA,NA,NA,NA,NA,NA,NA
_95017_1,AnPhA-S216-02,3,3,4,3,4,3,3,4,3,4
_95377_1,AnPhA-S216-02,5,5,5,1,5,5,2,5,5,5
_87670_1,OcnA-S216-01,NA,NA,NA,NA,NA,NA,NA,NA,NA,NA
_94898_1,AnPhA-S216-02,NA,NA,NA,NA,NA,NA,NA,NA,NA,NA
_86229_1,FrScA-S216-01,5,4,5,1,4,4,2,4,3,5
_95743_1,FrScA-S216-01,5,4,4,2,4,4,2,5,5,5
_95707_1,BioA-S216-01,2,2,2,4,3,3,2,3,1,2
_78241_1,OcnA-S216-02,5,4,3,1,5,5,1,5,5,5
_95375_1,OcnA-S216-02,4,4,4,1,5,4,1,5,4,4
_88642_1,OcnA-S216-02,4,3,4,2,5,4,2,5,4,4
_95632_1,FrScA-S216-01,5,5,5,5,5,5,3,4,4,4
_95632_1,@X@course.course_id@X@,4,4,3,2,4,4,4,4,4,3
_95091_1,OcnA-S216-01,5,5,5,1,5,5,1,5,5,5
_85348_1,FrScA-S216-03,3,3,3,3,3,3,4,3,3,3
_95658_1,BioA-S216-01,3,2,2,4,4,3,3,4,3,4
_95449_1,FrScA-S216-01,5,5,4,1,5,5,1,5,4,4
_67013_1,AnPhA-S216-01,2,1,4,4,4,2,2,4,2,3
_95091_1,OcnA-S216-01,5,4,5,1,5,5,2,5,3,4
_78153_1,PhysA-S216-01,4,4,3,1,4,5,2,5,4,4
_91164_1,AnPhA-S216-02,4,4,3,2,4,5,3,4,3,4
_88596_1,FrScA-S216-01,NA,NA,NA,NA,NA,NA,NA,NA,NA,NA
_94319_1,OcnA-S216-01,5,5,5,1,5,5,1,5,4,5
_85258_1,FrScA-S216-01,5,5,4,1,5,4,3,5,3,5
_47979_1,OcnA-S216-01,5,5,3,1,5,5,2,5,5,5
_95476_1,FrScA-S216-02,4,3,3,1,5,4,1,5,3,4
_95738_1,OcnA-S216-01,5,5,5,1,5,4,1,5,4,5
_85123_1,FrScA-S216-01,5,4,3,2,4,NA,NA,NA,NA,NA
_86527_1,OcnA-S216-01,4,3,3,2,4,4,NA,4,3,2
_70187_1,PhysA-S216-01,4,3,2,2,3,3,3,4,2,3
_90622_1,FrScA-S216-01,NA,NA,NA,NA,NA,NA,NA,NA,NA,NA
_94323_1,OcnA-S216-01,3,2,4,3,4,4,2,3,4,3
_90394_1,FrScA-S216-01,5,5,5,1,5,5,1,5,5,5
_95923_1,FrScA-S216-02,5,5,5,1,5,5,1,5,5,5
_95991_1,FrScA-S216-01,4,4,3,1,4,4,1,5,3,5
_94369_1,FrScA-S216-03,4,4,5,2,4,4,2,4,3,4
_94251_1,PhysA-S216-01,4,3,3,2,4,3,2,4,3,3
_91313_1,AnPhA-S216-01,5,3,3,2,4,4,2,4,3,4
_95707_1,BioA-S216-01,5,3,3,1,4,4,2,5,3,5
_95925_1,FrScA-S216-02,4,5,4,1,4,4,1,4,4,4
_94172_1,@X@course.course_id@X@,5,4,3,2,4,4,2,5,3,5
_85583_1,FrScA-S216-01,5,2,5,1,5,3,1,5,3,4
_80822_1,OcnA-S216-01,5,5,4,1,5,5,2,5,5,5
_95283_1,AnPhA-S216-01,5,4,3,2,4,4,2,4,4,5
_94376_1,FrScA-S216-01,3,3,2,3,3,3,3,3,3,4
_55078_1,FrScA-S216-01,4,5,3,1,4,4,2,4,4,4
_94332_1,FrScA-S216-01,5,5,4,1,4,5,1,5,5,3
_78000_1,FrScA-S216-01,5,NA,5,1,5,4,1,5,2,4
_95868_1,OcnA-S216-02,3,2,3,3,2,3,4,3,3,3
_95091_1,OcnA-S216-01,5,3,3,1,5,4,3,4,3,5
_76998_1,AnPhA-S216-01,4,4,4,1,4,4,2,4,4,4
_94661_1,FrScA-S216-01,4,4,3,2,4,4,2,4,3,4
_90622_1,FrScA-S216-01,3,4,3,2,4,4,3,4,3,4
_94331_1,FrScA-S216-01,5,4,3,1,5,5,1,5,5,5
_88504_1,OcnA-S216-01,5,4,4,2,4,4,2,4,3,4
_94292_1,FrScA-S216-01,5,5,5,1,5,5,2,5,4,5
_47448_1,FrScA-S216-01,5,4,4,1,5,4,2,5,3,5
_89374_1,FrScA-S216-01,4,3,2,2,3,4,3,4,3,2
_94970_1,PhysA-S216-01,5,3,4,1,5,4,1,5,5,5
_86240_1,OcnA-S216-01,3,4,3,2,4,5,3,4,3,4
_88803_1,OcnA-S216-02,NA,NA,NA,NA,NA,NA,NA,NA,NA,NA
_94824_1,FrScA-S216-01,3,5,3,3,3,4,4,4,4,4
_88864_1,OcnA-S216-02,NA,NA,NA,NA,NA,NA,NA,NA,NA,NA
_95725_1,OcnA-S216-01,4,3,3,2,4,3,2,4,2,3
_88048_1,FrScA-S216-02,4,3,2,2,4,3,3,4,3,3
_96142_1,FrScA-S216-02,4,3,4,2,5,5,2,4,5,5
_87825_1,OcnA-S216-01,4,4,3,2,4,5,2,5,4,5
_96134_1,FrScA-S216-02,NA,NA,NA,NA,NA,NA,NA,NA,NA,NA
_95989_1,FrScA-S216-01,4,3,4,2,3,3,1,4,3,3
_95624_1,OcnA-S216-02,4,2,2,2,4,3,2,4,2,4
_67102_1,PhysA-S216-01,NA,NA,NA,NA,NA,NA,NA,NA,NA,NA
_94717_1,OcnA-S216-01,5,5,5,1,5,5,4,5,4,5
_96472_1,PhysA-S216-01,5,5,4,1,5,5,2,5,5,5
_86942_1,AnPhA-S216-01,NA,NA,NA,NA,NA,NA,NA,NA,NA,NA
_95684_1,FrScA-S216-01,NA,NA,NA,NA,NA,NA,NA,NA,NA,NA
_94332_1,FrScA-S216-01,4,4,3,2,4,4,2,4,4,4
_95726_1,FrScA-S216-01,NA,NA,NA,NA,NA,NA,2,NA,NA,NA
_94577_1,OcnA-S216-02,5,5,4,4,5,5,5,5,4,5
_94550_1,AnPhA-S216-02,5,5,5,1,5,5,1,5,5,5
_95919_1,AnPhA-S216-02,5,3,3,1,5,4,2,4,3,5
_94331_1,FrScA-S216-01,4,4,3,2,5,5,1,5,4,5
_91163_1,OcnA-S216-02,4,3,3,2,4,5,1,4,3,4
_96228_1,AnPhA-S216-01,NA,NA,NA,NA,NA,NA,NA,NA,NA,NA
_70187_1,PhysA-S216-01,NA,NA,NA,NA,NA,NA,NA,NA,NA,NA
_77067_1,FrScA-S216-02,5,5,3,1,4,1,2,5,4,4
_94323_1,OcnA-S216-01,3,2,3,3,4,2,3,3,3,3
_89333_1,FrScA-S216-01,5,4,4,2,5,5,2,4,4,4
_95601_1,AnPhA-S216-01,5,4,4,1,5,5,2,5,4,5
_95738_1,OcnA-S216-01,4,4,3,1,5,5,2,4,4,5
_94869_1,FrScA-S216-01,4,3,2,4,4,3,1,4,3,4
_96374_1,OcnA-S216-01,5,4,3,1,5,4,1,5,NA,2
_86697_1,OcnA-S216-02,5,3,3,1,5,4,1,5,3,5
_87861_1,FrScA-S216-01,NA,NA,NA,NA,NA,NA,NA,NA,NA,NA
_96414_1,FrScA-S216-02,5,4,4,1,4,4,1,5,4,5
_86296_1,OcnA-S216-01,4,2,3,1,4,4,2,4,3,4
_94369_1,FrScA-S216-03,3,3,3,2,4,4,3,3,4,2
_94370_1,FrScA-S216-01,5,5,5,1,5,5,1,5,5,5
_95957_1,AnPhA-S216-01,4,4,4,2,5,4,2,4,4,4
_95633_1,FrScA-S216-01,4,3,3,3,4,4,3,4,2,4
_91313_1,AnPhA-S216-01,5,5,5,1,4,5,1,5,5,5
_78164_1,AnPhA-S216-01,5,5,4,1,5,4,3,5,3,5
_95991_1,FrScA-S216-01,5,5,4,1,5,5,2,5,4,5
_95991_1,FrScA-S216-01,5,4,4,1,5,5,1,5,5,5
_95743_1,FrScA-S216-01,5,4,3,2,4,4,2,4,4,4
_95921_1,OcnA-S216-02,5,4,3,1,5,4,3,5,5,5
_95041_1,AnPhA-S216-02,5,5,5,1,5,5,1,5,4,5
_94744_1,OcnA-S216-01,5,5,4,NA,5,5,2,5,5,5
_94400_1,FrScA-S216-01,4,4,3,1,4,4,2,4,4,4
_65116_1,FrScA-S216-01,4,2,3,1,4,3,1,5,5,5
_90277_1,FrScA-S216-01,4,2,1,2,4,4,2,4,4,4
_96048_1,FrScA-S216-04,4,4,3,2,3,4,2,4,5,4
_76998_1,AnPhA-S216-01,NA,NA,NA,NA,NA,NA,NA,NA,NA,NA
_86490_1,FrScA-S216-01,4,4,3,1,4,4,1,5,3,4
_74552_1,AnPhA-S216-02,NA,NA,NA,NA,NA,NA,NA,NA,NA,NA
_95005_1,FrScA-S216-01,4,4,3,1,4,4,1,4,3,4
_86251_1,FrScA-S216-01,5,5,5,1,5,5,1,5,5,5
_88803_1,OcnA-S216-02,4,4,3,1,4,4,3,4,3,4
_78153_1,PhysA-S216-01,NA,NA,NA,NA,NA,NA,NA,NA,NA,NA
_94872_1,AnPhA-S216-01,4,4,4,2,NA,4,2,5,4,4
_96640_1,@X@course.course_id@X@,5,3,3,1,4,3,2,5,2,4
_53475_1,FrScA-S216-01,NA,NA,NA,NA,NA,NA,NA,NA,NA,NA
_76674_1,AnPhA-S216-01,NA,NA,NA,NA,NA,NA,NA,NA,NA,NA
_95264_1,AnPhA-S216-02,NA,NA,NA,NA,NA,NA,NA,NA,NA,NA
_95633_1,FrScA-S216-01,NA,NA,NA,NA,NA,NA,NA,NA,NA,NA
_94172_1,FrScA-S216-01,NA,NA,NA,NA,NA,NA,NA,NA,NA,NA
_95360_1,FrScA-S216-01,4,2,3,3,4,3,3,4,2,3
_96677_1,AnPhA-S216-01,4,4,3,2,4,4,2,4,4,4
_87988_1,FrScA-S216-02,5,4,3,1,5,5,1,5,4,4
_88864_1,OcnA-S216-02,4,4,5,3,4,4,2,3,3,3
_89465_1,FrScA-S216-01,4,2,3,2,4,2,3,4,2,2
_95485_1,FrScA-S216-01,5,4,4,1,5,4,2,5,3,5
_90277_1,FrScA-S216-01,5,5,4,1,5,5,2,5,3,5
_43146_1,FrScA-S216-02,5,4,4,1,5,5,1,5,4,5
_71725_1,AnPhA-S216-01,5,5,4,1,5,5,2,5,4,4
_95504_1,OcnA-S216-01,4,5,3,1,4,5,1,4,4,4
_96373_1,OcnA-S216-01,5,5,4,1,5,4,1,5,4,5
_71110_1,FrScA-S216-01,5,3,3,1,5,3,2,5,4,5
_95578_1,PhysA-S216-01,5,3,3,1,4,3,2,4,2,3
_96590_1,PhysA-S216-01,5,5,5,1,5,5,1,5,5,5
_95957_1,AnPhA-S216-01,5,5,5,1,5,5,1,5,5,5
_96826_1,AnPhA-S216-02,NA,NA,NA,NA,NA,NA,NA,NA,NA,NA
_94240_1,OcnA-S216-02,4,4,3,2,4,4,2,4,3,3
_94402_1,FrScA-S216-01,5,5,4,1,4,5,1,5,5,3
_95360_1,FrScA-S216-01,5,4,4,1,5,5,1,5,4,5
_88642_1,OcnA-S216-02,NA,3,NA,NA,NA,NA,NA,NA,NA,NA
_88311_1,FrScA-S216-04,4,4,3,2,4,4,2,4,4,4
_96689_1,OcnA-S216-01,4,3,3,2,4,3,3,4,3,4
_94556_1,OcnA-S216-02,5,5,3,1,5,5,1,5,5,5
_95618_1,AnPhA-S216-01,4,4,3,2,4,4,2,4,4,4
_94805_1,AnPhA-S216-01,4,4,NA,2,4,4,2,4,4,4
_96134_1,FrScA-S216-02,4,3,3,2,4,5,2,5,4,3
_94135_1,FrScA-S216-01,4,4,3,2,4,4,2,4,4,4
_96769_1,FrScA-S216-02,NA,NA,NA,NA,NA,NA,NA,NA,NA,NA
_78002_1,OcnA-S216-02,3,4,4,3,4,5,3,NA,4,2
_94156_1,FrScA-S216-01,4,3,3,2,4,4,3,4,4,5
_88845_1,FrScA-S216-01,5,4,4,1,5,4,3,5,4,5
_96854_1,AnPhA-S216-01,4,4,5,1,4,3,1,4,3,4
_96853_1,AnPhA-S216-01,NA,NA,NA,NA,NA,NA,NA,NA,NA,NA
_96189_1,FrScA-S216-02,3,3,2,2,2,3,2,3,3,3
_95360_1,FrScA-S216-01,4,4,3,2,4,4,2,4,4,3
_86002_1,FrScA-S216-04,5,5,5,1,5,5,1,5,5,5
_96345_1,OcnA-S216-01,NA,NA,NA,NA,NA,NA,NA,NA,NA,NA
_88474_1,OcnA-S216-01,3,4,2,3,4,5,4,4,2,2
_94898_1,AnPhA-S216-02,1,1,1,1,1,1,2,3,2,1
_89994_1,FrScA-S216-02,NA,NA,NA,NA,NA,NA,NA,NA,NA,NA
_88849_1,OcnA-S216-01,4,4,3,3,3,4,3,4,3,4
_95923_1,FrScA-S216-02,4,3,2,1,4,3,2,4,3,4
_76673_1,AnPhA-S216-01,4,4,3,2,5,5,2,4,3,4
_95726_1,FrScA-S216-01,4,4,4,2,4,4,1,4,3,2
_95368_1,OcnA-S216-02,4,3,3,3,4,4,3,3,3,1
_96690_1,AnPhA-S216-01,4,3,2,1,4,4,3,4,3,2
_86515_1,FrScA-S216-01,4,4,4,2,4,4,3,4,4,5
_68022_1,OcnA-S216-01,4,3,1,1,3,3,1,5,2,5
_96433_1,FrScA-S216-02,5,3,3,2,NA,3,1,4,4,4
_96090_1,PhysA-S216-01,5,3,4,1,5,3,2,5,4,5
_84932_1,OcnA-S216-01,4,4,4,1,4,5,2,4,3,4
_62175_1,OcnA-S216-01,5,3,4,2,4,3,2,4,4,3
_85287_1,FrScA-S216-01,3,4,3,2,4,4,2,4,5,3
_88854_1,FrScA-S216-01,4,3,3,2,4,4,2,4,3,4
_86455_1,OcnA-S216-01,5,5,5,1,5,5,1,5,5,5
_69397_1,FrScA-S216-01,4,2,3,2,4,3,2,4,3,3
_88612_1,AnPhA-S216-01,5,3,3,1,5,4,2,5,3,4
_95533_1,OcnA-S216-01,4,4,4,2,4,5,2,4,4,4
_95041_1,AnPhA-S216-02,4,3,2,2,4,4,2,4,4,2
_95545_1,AnPhA-S216-01,3,3,2,3,3,3,3,3,3,4
_94661_1,FrScA-S216-01,2,1,2,4,4,3,3,3,3,4
_95014_1,AnPhA-S216-01,4,3,3,3,4,4,3,4,3,3
_95770_1,OcnA-S216-01,4,4,4,2,4,4,1,4,4,4
_77141_1,FrScA-S216-02,5,4,3,1,5,4,2,5,4,5
_95601_1,AnPhA-S216-01,5,5,4,1,4,4,5,4,4,4
_95868_1,OcnA-S216-02,2,2,2,NA,4,2,3,4,2,1
_92124_1,FrScA-S216-01,4,3,2,1,4,4,2,4,3,3
_97006_1,OcnA-S216-01,5,4,5,1,5,4,1,5,3,4
_96826_1,AnPhA-S216-02,NA,NA,NA,NA,NA,NA,NA,NA,NA,NA
_96280_1,FrScA-S216-02,NA,NA,NA,NA,NA,NA,NA,NA,NA,NA
_94869_1,FrScA-S216-01,5,5,5,2,4,4,1,NA,3,3
_95377_1,@X@course.course_id@X@,4,4,4,1,4,5,2,4,3,4
_94246_1,AnPhA-S216-01,4,2,4,2,4,3,2,4,1,4
_52326_1,AnPhA-S216-01,5,5,3,1,5,5,2,5,5,5
_96841_1,FrScA-S216-02,5,5,4,2,4,4,2,5,3,4
_96121_1,OcnA-S216-01,4,2,3,2,4,3,2,3,1,2
_96142_1,FrScA-S216-02,5,5,5,1,4,4,2,5,5,4
_94956_1,OcnA-S216-01,4,3,2,2,4,4,3,4,4,4
_95601_1,AnPhA-S216-01,4,4,3,2,4,4,2,4,3,4
_86836_1,FrScA-S216-01,4,3,4,1,4,5,1,5,2,4
_96756_1,OcnA-S216-01,4,3,3,2,3,3,3,4,2,5
_96854_1,AnPhA-S216-01,4,4,4,1,4,4,2,4,3,5
_96671_1,OcnA-S216-01,NA,NA,NA,NA,NA,NA,NA,NA,NA,NA
NA,NA,4,4,4,1,4,4,2,4,4,4
_68795_1,FrScA-S216-01,4,2,2,3,4,2,2,4,4,4
_94756_1,FrScA-S216-01,NA,NA,NA,NA,NA,NA,4,NA,NA,NA
_95266_1,PhysA-S216-01,4,4,3,2,4,NA,NA,NA,NA,NA
_96808_1,PhysA-S216-01,NA,NA,NA,NA,NA,NA,NA,NA,NA,NA
_95896_1,FrScA-S216-01,5,4,3,1,5,4,2,5,4,5
_94586_1,FrScA-S216-01,4,3,2,2,4,3,2,4,3,2
_95017_1,AnPhA-S216-02,4,4,4,1,4,3,2,4,3,4
_95620_1,AnPhA-S216-01,4,3,2,1,5,4,2,5,3,5
_95618_1,AnPhA-S216-01,NA,NA,NA,NA,NA,NA,NA,NA,NA,NA
_96867_1,PhysA-S216-01,4,4,3,2,4,4,NA,4,4,4
_95634_1,AnPhA-S216-01,5,4,3,1,5,5,1,5,5,5
_76443_1,OcnA-S216-01,4,3,4,1,5,4,3,NA,4,4
_69743_1,AnPhA-S216-01,4,4,3,2,4,4,3,4,4,4
_94654_1,OcnA-S216-01,5,5,5,1,5,5,3,5,5,5
_96959_1,AnPhA-S216-01,NA,NA,NA,NA,NA,NA,NA,NA,NA,NA
_91943_1,FrScA-S216-02,4,4,4,2,4,4,3,4,4,4
_96856_1,OcnA-S216-01,4,3,3,2,4,4,3,4,4,4
_95578_1,PhysA-S216-01,4,3,4,2,4,3,3,4,3,4
_94846_1,AnPhA-S216-01,4,4,5,2,4,NA,NA,NA,NA,NA
_51943_1,FrScA-S216-03,NA,NA,NA,NA,NA,NA,NA,NA,NA,NA
_95449_1,FrScA-S216-01,4,4,3,NA,4,4,2,5,4,5
_94630_1,OcnA-S216-01,4,4,3,2,4,4,2,4,4,4
_96841_1,FrScA-S216-02,5,3,3,1,4,3,3,5,5,5
_85867_1,FrScA-S216-04,5,3,3,2,5,4,3,4,3,4
_94404_1,FrScA-S216-01,5,2,3,2,5,3,1,5,4,5
_96412_1,OcnA-S216-01,4,3,3,2,4,4,1,4,3,3
_95594_1,AnPhA-S216-01,5,4,3,1,5,5,1,5,4,4
_96856_1,OcnA-S216-01,4,4,3,2,4,4,2,4,4,4
_94327_1,OcnA-S216-02,5,5,3,1,5,5,1,5,4,5
_90636_1,FrScA-S216-01,NA,NA,NA,NA,NA,NA,NA,NA,NA,NA
_96853_1,AnPhA-S216-01,NA,NA,NA,NA,NA,NA,NA,NA,NA,NA
_91212_1,FrScA-S216-01,5,4,4,1,4,5,2,5,4,5
_96590_1,PhysA-S216-01,5,5,5,1,5,3,2,5,5,5
_90996_1,OcnA-S216-01,3,4,3,2,NA,5,1,3,3,2
_96082_1,FrScA-S216-02,4,2,1,2,4,4,2,4,3,4
_87020_1,FrScA-S216-01,4,3,3,2,4,3,3,5,2,5
_96871_1,AnPhA-S216-02,NA,NA,NA,NA,NA,NA,NA,NA,NA,NA
_97386_1,BioA-S216-01,4,4,3,2,4,4,3,4,3,3
_96950_1,BioA-S216-01,4,3,2,2,4,3,2,4,3,2
_97150_1,PhysA-S216-01,NA,NA,NA,NA,NA,NA,NA,NA,NA,NA
_94876_1,OcnA-S216-02,4,3,3,3,4,3,2,4,2,4
_96994_1,AnPhA-S216-01,4,5,3,2,4,5,2,4,4,4
_51943_1,FrScA-S216-03,5,4,4,2,4,4,2,5,4,5
_96720_1,AnPhA-S216-01,5,5,4,2,5,5,1,5,5,5
_91326_1,AnPhA-S216-01,3,3,2,4,2,4,3,3,4,2
_95915_1,AnPhA-S216-01,3,3,2,2,4,3,2,4,3,2
_71415_1,FrScA-S216-01,5,5,5,1,5,5,1,5,4,5
_86515_1,FrScA-S216-01,5,4,4,2,4,3,2,5,3,4
_94903_1,AnPhA-S216-02,5,5,5,1,5,5,1,5,5,5
_97272_1,OcnA-S216-01,5,5,3,1,4,5,3,5,5,3
_69544_1,FrScA-S216-04,5,4,3,1,5,4,2,5,5,5
_97374_1,BioA-S216-01,NA,NA,NA,NA,NA,NA,NA,NA,NA,NA
_97374_1,BioA-S216-01,NA,NA,NA,NA,NA,NA,NA,NA,NA,NA
_94691_1,AnPhA-S216-01,4,4,4,2,4,4,2,4,4,4
_93993_1,BioA-S216-01,4,3,3,3,5,4,3,5,4,4
_94542_1,AnPhA-S216-02,4,5,3,3,4,4,5,4,3,5
_93993_1,BioA-S216-01,5,5,5,2,5,5,1,5,5,5
_93993_1,BioA-S216-01,4,3,4,2,4,4,1,4,4,4
_91607_1,FrScA-S216-02,5,3,4,1,5,3,1,5,4,5
_91607_1,FrScA-S216-02,4,5,4,1,4,4,2,4,4,5
_95476_1,FrScA-S216-02,3,3,2,2,4,4,3,4,3,3
_96680_1,AnPhA-S216-01,5,4,3,1,4,5,1,4,4,4
_91550_1,FrScA-S216-02,4,3,3,2,4,4,2,4,3,4
_93993_1,BioA-S216-01,5,5,5,1,5,5,1,5,5,5
_93993_1,BioA-S216-01,NA,NA,NA,NA,NA,NA,NA,NA,NA,NA
_93993_1,BioA-S216-01,4,4,3,2,4,4,2,4,4,3
_93993_1,BioA-S216-01,4,4,3,2,4,4,3,4,4,5
_93993_1,BioA-S216-01,4,4,3,3,4,5,2,4,4,4
_94257_1,FrScA-S216-01,4,4,3,1,4,4,2,5,3,5
_74552_1,AnPhA-S216-02,NA,NA,NA,NA,NA,NA,NA,NA,NA,NA
_93993_1,BioA-S216-01,5,5,5,1,4,5,1,5,5,5
_97441_1,FrScA-S216-02,4,2,3,1,4,2,1,5,2,4
_93993_1,BioA-S216-01,NA,NA,NA,NA,NA,NA,NA,NA,NA,NA
_93993_1,BioA-S216-01,5,4,5,1,5,5,1,5,4,5
_93993_1,BioA-S216-01,NA,NA,NA,NA,NA,NA,NA,NA,NA,NA
_92606_1,BioA-S216-01,4,3,3,2,3,4,3,4,3,4
_91410_1,FrScA-S216-02,5,3,3,1,5,4,3,4,3,5
_93993_1,BioA-S216-01,5,5,3,2,NA,4,1,5,4,5
_93993_1,BioA-S216-01,4,4,3,2,4,4,4,4,4,5
_93993_1,BioA-S216-01,3,3,2,4,3,5,2,4,3,4
_93993_1,BioA-S216-01,4,3,3,2,4,4,2,4,3,3
_93993_1,BioA-S216-01,4,2,2,2,3,3,4,4,2,3
_93993_1,BioA-S216-01,4,3,2,2,4,4,3,4,4,4
_93993_1,BioA-S216-01,5,4,3,2,5,4,2,5,4,5
_93993_1,BioA-S216-01,5,5,5,5,4,4,1,4,4,4
_93993_1,BioA-S216-01,5,5,5,1,5,5,2,5,5,5
_93993_1,BioA-S216-01,5,5,4,1,5,5,2,5,5,5
_93993_1,BioA-S216-01,NA,NA,NA,NA,NA,NA,NA,NA,NA,NA
_93993_1,BioA-S216-01,5,3,3,1,5,4,1,5,4,5
NA,NA,4,3,3,2,NA,3,3,4,3,5
_93993_1,BioA-S216-01,5,5,3,2,4,5,1,5,4,5
_93993_1,BioA-S216-01,NA,NA,NA,NA,NA,NA,NA,NA,NA,NA
_93993_1,BioA-S216-01,4,4,4,2,4,4,2,4,4,4
_93993_1,BioA-S216-01,4,3,2,2,3,5,3,5,4,4
_93993_1,BioA-S216-01,5,3,3,1,4,3,2,5,4,4
_93993_1,BioA-S216-01,NA,NA,NA,NA,NA,NA,NA,NA,NA,NA
_93993_1,BioA-S216-01,4,4,2,2,3,3,2,3,4,4
_93993_1,BioA-S216-01,3,3,2,3,3,3,4,3,3,3
_93993_1,BioA-S216-01,NA,NA,NA,NA,NA,NA,NA,NA,NA,NA
_93993_1,BioA-S216-01,5,5,5,1,5,5,1,5,5,5
_93993_1,BioA-S216-01,NA,NA,NA,NA,NA,NA,NA,NA,NA,NA
_93993_1,BioA-S216-01,NA,NA,NA,NA,NA,NA,NA,NA,NA,NA
_93993_1,BioA-S216-01,4,4,3,2,4,4,2,4,4,4
_93993_1,BioA-S216-01,NA,NA,NA,NA,NA,NA,NA,NA,NA,NA
_96027_1,PhysA-S216-01,NA,NA,NA,NA,NA,NA,NA,NA,NA,NA
_93993_1,BioA-S216-01,3,4,3,3,3,4,3,4,4,4
_93993_1,BioA-S216-01,5,3,3,1,4,3,3,5,4,5
_93993_1,BioA-S216-01,5,5,5,1,5,5,1,5,5,5
_93993_1,BioA-S216-01,4,4,3,2,4,4,3,4,2,5
_93993_1,BioA-S216-01,NA,NA,NA,NA,NA,NA,NA,NA,NA,NA
_93993_1,BioA-S216-01,4,2,2,2,3,3,3,4,2,3
_93993_1,BioA-S216-01,4,3,3,2,4,4,3,3,4,5
_93993_1,BioA-S216-01,NA,NA,NA,NA,NA,NA,NA,NA,NA,NA
_93993_1,BioA-S216-01,NA,NA,NA,NA,NA,NA,NA,NA,NA,NA
_93993_1,BioA-S216-01,4,4,3,2,4,4,2,4,4,4
_93993_1,BioA-S216-01,2,2,2,1,4,3,2,4,3,2
_93993_1,BioA-S216-01,5,4,3,1,5,5,2,5,5,5
_93993_1,BioA-S216-01,5,3,3,1,5,5,1,5,3,5
_93993_1,BioA-S216-01,5,5,4,1,5,5,1,5,5,5
_93993_1,BioA-S216-01,5,5,3,5,3,4,1,4,3,3
_93993_1,BioA-S216-01,5,4,5,1,5,4,2,5,3,5
_93993_1,BioA-S216-01,5,4,5,1,5,5,1,5,5,5
_93993_1,BioA-S216-01,4,5,4,1,4,4,1,4,5,4
_93993_1,BioA-S216-01,NA,NA,NA,NA,NA,NA,NA,NA,NA,NA
_93993_1,BioA-S216-01,4,4,4,1,4,4,1,4,4,4
_93993_1,BioA-S216-01,5,5,3,1,5,5,2,5,4,5
_93993_1,BioA-S216-01,4,4,4,2,4,4,3,4,4,4
_93993_1,BioA-S216-01,5,2,4,1,5,3,2,5,2,4
_93993_1,BioA-S216-01,5,4,3,2,5,4,1,5,4,4
_93993_1,BioA-S216-01,5,4,3,1,5,5,1,5,4,5
_93993_1,BioA-S216-01,4,3,3,2,4,4,3,4,3,3
_93993_1,BioA-S216-01,5,4,5,1,5,5,3,5,5,5
_93993_1,BioA-S216-01,3,4,2,3,4,5,4,4,4,3
_93993_1,BioA-S216-01,4,3,2,2,4,3,3,4,3,3
_93993_1,BioA-S216-01,5,5,5,1,5,4,3,5,5,5
_97265_1,PhysA-S216-01,4,4,3,2,3,4,2,4,4,4
_93993_1,BioA-S216-01,5,4,3,1,NA,4,5,5,4,4
_93993_1,BioA-S216-01,5,5,3,1,5,5,1,5,5,5
_93993_1,BioA-S216-01,4,4,4,1,4,4,2,4,4,4
_93993_1,BioA-S216-01,NA,NA,NA,NA,NA,NA,NA,NA,NA,NA
_96853_1,AnPhA-S216-01,NA,NA,NA,NA,NA,NA,NA,NA,NA,NA
_93993_1,BioA-S216-01,4,2,3,2,4,4,2,4,3,4
_93993_1,BioA-S216-01,5,4,4,2,5,5,2,5,5,5
_93993_1,BioA-S216-01,NA,NA,NA,NA,NA,NA,NA,NA,NA,NA
_93993_1,BioA-S216-01,4,3,4,1,5,4,1,5,5,5
_93993_1,BioA-S216-01,4,3,2,1,5,3,2,5,2,5
_93993_1,BioA-S216-01,4,3,3,2,4,3,NA,4,4,5
_93993_1,BioA-S216-01,5,4,4,2,5,5,2,5,4,4
_94319_1,OcnA-S216-01,4,4,3,2,4,4,2,4,3,3
_93993_1,BioA-S216-01,5,3,2,3,4,2,3,4,4,4
_93993_1,BioA-S216-01,NA,NA,NA,NA,NA,NA,NA,NA,NA,NA
_93993_1,BioA-S216-01,5,3,3,1,4,4,3,5,2,4
_93993_1,BioA-S216-01,5,5,5,1,5,5,3,5,4,5
_93993_1,BioA-S216-01,5,5,3,2,4,4,2,4,4,3
_93993_1,BioA-S216-01,NA,NA,NA,NA,NA,NA,NA,NA,NA,NA
_93993_1,BioA-S216-01,5,4,5,1,5,5,1,5,3,5
_93993_1,BioA-S216-01,5,5,5,1,4,4,3,5,5,4
_93993_1,BioA-S216-01,5,4,3,2,4,3,2,4,4,4
_93993_1,BioA-S216-01,5,5,3,1,5,5,2,5,5,5
_93993_1,BioA-S216-01,4,3,3,2,4,3,3,4,3,4
_93993_1,BioA-S216-01,5,5,4,2,5,5,2,5,3,5
_93993_1,BioA-S216-01,NA,NA,NA,NA,NA,NA,NA,NA,NA,NA
_93993_1,BioA-S216-01,5,3,3,1,5,4,3,5,3,5
_93993_1,BioA-S216-01,5,4,3,1,5,4,1,5,4,5
_96950_1,BioA-S216-01,5,4,2,1,5,4,2,NA,4,5
_93993_1,BioA-S216-01,5,5,5,1,5,5,1,5,4,5
_93993_1,BioA-S216-01,4,4,4,1,4,5,2,4,3,5
_93993_1,BioA-S216-01,4,3,2,2,4,3,1,4,4,4
_93993_1,BioA-S216-01,4,4,4,2,4,4,2,4,4,4
_93993_1,BioA-S216-01,4,4,4,2,4,4,1,4,4,5
